Date,Year,Quarter,Month,MonthName,DayOfWeek,IsWeekend,Shift,ShiftStart,ShiftEnd,SeasonalIndex
2024-01-01,2024,Q1,1,January,Monday,No,Morning,06:00,14:00,0.85
2024-01-01,2024,Q1,1,January,Monday,No,Afternoon,14:00,22:00,0.85
2024-01-01,2024,Q1,1,January,Monday,No,Night,22:00,06:00,0.85
2024-01-02,2024,Q1,1,January,Tuesday,No,Morning,06:00,14:00,0.85
2024-01-02,2024,Q1,1,January,Tuesday,No,Afternoon,14:00,22:00,0.85
2024-01-02,2024,Q1,1,January,Tuesday,No,Night,22:00,06:00,0.85
2024-01-03,2024,Q1,1,January,Wednesday,No,Morning,06:00,14:00,0.85
2024-01-03,2024,Q1,1,January,Wednesday,No,Afternoon,14:00,22:00,0.85
2024-01-03,2024,Q1,1,January,Wednesday,No,Night,22:00,06:00,0.85
2024-01-04,2024,Q1,1,January,Thursday,No,Morning,06:00,14:00,0.85
2024-01-04,2024,Q1,1,January,Thursday,No,Afternoon,14:00,22:00,0.85
2024-01-04,2024,Q1,1,January,Thursday,No,Night,22:00,06:00,0.85
2024-01-05,2024,Q1,1,January,Friday,No,Morning,06:00,14:00,0.851
2024-01-05,2024,Q1,1,January,Friday,No,Afternoon,14:00,22:00,0.851
2024-01-05,2024,Q1,1,January,Friday,No,Night,22:00,06:00,0.851
2024-01-06,2024,Q1,1,January,Saturday,Yes,Morning,06:00,14:00,0.851
2024-01-06,2024,Q1,1,January,Saturday,Yes,Afternoon,14:00,22:00,0.851
2024-01-06,2024,Q1,1,January,Saturday,Yes,Night,22:00,06:00,0.851
2024-01-07,2024,Q1,1,January,Sunday,Yes,Morning,06:00,14:00,0.383
2024-01-07,2024,Q1,1,January,Sunday,Yes,Afternoon,14:00,22:00,0.383
2024-01-07,2024,Q1,1,January,Sunday,Yes,Night,22:00,06:00,0.383
2024-01-08,2024,Q1,1,January,Monday,No,Morning,06:00,14:00,0.851
2024-01-08,2024,Q1,1,January,Monday,No,Afternoon,14:00,22:00,0.851
2024-01-08,2024,Q1,1,January,Monday,No,Night,22:00,06:00,0.851
2024-01-09,2024,Q1,1,January,Tuesday,No,Morning,06:00,14:00,0.851
2024-01-09,2024,Q1,1,January,Tuesday,No,Afternoon,14:00,22:00,0.851
2024-01-09,2024,Q1,1,January,Tuesday,No,Night,22:00,06:00,0.851
2024-01-10,2024,Q1,1,January,Wednesday,No,Morning,06:00,14:00,0.851
2024-01-10,2024,Q1,1,January,Wednesday,No,Afternoon,14:00,22:00,0.851
2024-01-10,2024,Q1,1,January,Wednesday,No,Night,22:00,06:00,0.851
2024-01-11,2024,Q1,1,January,Thursday,No,Morning,06:00,14:00,0.851
2024-01-11,2024,Q1,1,January,Thursday,No,Afternoon,14:00,22:00,0.851
2024-01-11,2024,Q1,1,January,Thursday,No,Night,22:00,06:00,0.851
2024-01-12,2024,Q1,1,January,Friday,No,Morning,06:00,14:00,0.851
2024-01-12,2024,Q1,1,January,Friday,No,Afternoon,14:00,22:00,0.851
2024-01-12,2024,Q1,1,January,Friday,No,Night,22:00,06:00,0.851
2024-01-13,2024,Q1,1,January,Saturday,Yes,Morning,06:00,14:00,0.468
2024-01-13,2024,Q1,1,January,Saturday,Yes,Afternoon,14:00,22:00,0.468
2024-01-13,2024,Q1,1,January,Saturday,Yes,Night,22:00,06:00,0.468
2024-01-14,2024,Q1,1,January,Sunday,Yes,Morning,06:00,14:00,0.211
2024-01-14,2024,Q1,1,January,Sunday,Yes,Afternoon,14:00,22:00,0.211
2024-01-14,2024,Q1,1,January,Sunday,Yes,Night,22:00,06:00,0.211
2024-01-15,2024,Q1,1,January,Monday,No,Morning,06:00,14:00,0.468
2024-01-15,2024,Q1,1,January,Monday,No,Afternoon,14:00,22:00,0.468
2024-01-15,2024,Q1,1,January,Monday,No,Night,22:00,06:00,0.468
2024-01-16,2024,Q1,1,January,Tuesday,No,Morning,06:00,14:00,0.468
2024-01-16,2024,Q1,1,January,Tuesday,No,Afternoon,14:00,22:00,0.468
2024-01-16,2024,Q1,1,January,Tuesday,No,Night,22:00,06:00,0.468
2024-01-17,2024,Q1,1,January,Wednesday,No,Morning,06:00,14:00,0.468
2024-01-17,2024,Q1,1,January,Wednesday,No,Afternoon,14:00,22:00,0.468
2024-01-17,2024,Q1,1,January,Wednesday,No,Night,22:00,06:00,0.468
2024-01-18,2024,Q1,1,January,Thursday,No,Morning,06:00,14:00,0.469
2024-01-18,2024,Q1,1,January,Thursday,No,Afternoon,14:00,22:00,0.469
2024-01-18,2024,Q1,1,January,Thursday,No,Night,22:00,06:00,0.469
2024-01-19,2024,Q1,1,January,Friday,No,Morning,06:00,14:00,0.852
2024-01-19,2024,Q1,1,January,Friday,No,Afternoon,14:00,22:00,0.852
2024-01-19,2024,Q1,1,January,Friday,No,Night,22:00,06:00,0.852
2024-01-20,2024,Q1,1,January,Saturday,Yes,Morning,06:00,14:00,0.852
2024-01-20,2024,Q1,1,January,Saturday,Yes,Afternoon,14:00,22:00,0.852
2024-01-20,2024,Q1,1,January,Saturday,Yes,Night,22:00,06:00,0.852
2024-01-21,2024,Q1,1,January,Sunday,Yes,Morning,06:00,14:00,0.383
2024-01-21,2024,Q1,1,January,Sunday,Yes,Afternoon,14:00,22:00,0.383
2024-01-21,2024,Q1,1,January,Sunday,Yes,Night,22:00,06:00,0.383
2024-01-22,2024,Q1,1,January,Monday,No,Morning,06:00,14:00,0.852
2024-01-22,2024,Q1,1,January,Monday,No,Afternoon,14:00,22:00,0.852
2024-01-22,2024,Q1,1,January,Monday,No,Night,22:00,06:00,0.852
2024-01-23,2024,Q1,1,January,Tuesday,No,Morning,06:00,14:00,0.852
2024-01-23,2024,Q1,1,January,Tuesday,No,Afternoon,14:00,22:00,0.852
2024-01-23,2024,Q1,1,January,Tuesday,No,Night,22:00,06:00,0.852
2024-01-24,2024,Q1,1,January,Wednesday,No,Morning,06:00,14:00,0.853
2024-01-24,2024,Q1,1,January,Wednesday,No,Afternoon,14:00,22:00,0.853
2024-01-24,2024,Q1,1,January,Wednesday,No,Night,22:00,06:00,0.853
2024-01-25,2024,Q1,1,January,Thursday,No,Morning,06:00,14:00,0.853
2024-01-25,2024,Q1,1,January,Thursday,No,Afternoon,14:00,22:00,0.853
2024-01-25,2024,Q1,1,January,Thursday,No,Night,22:00,06:00,0.853
2024-01-26,2024,Q1,1,January,Friday,No,Morning,06:00,14:00,0.853
2024-01-26,2024,Q1,1,January,Friday,No,Afternoon,14:00,22:00,0.853
2024-01-26,2024,Q1,1,January,Friday,No,Night,22:00,06:00,0.853
2024-01-27,2024,Q1,1,January,Saturday,Yes,Morning,06:00,14:00,0.853
2024-01-27,2024,Q1,1,January,Saturday,Yes,Afternoon,14:00,22:00,0.853
2024-01-27,2024,Q1,1,January,Saturday,Yes,Night,22:00,06:00,0.853
2024-01-28,2024,Q1,1,January,Sunday,Yes,Morning,06:00,14:00,0.384
2024-01-28,2024,Q1,1,January,Sunday,Yes,Afternoon,14:00,22:00,0.384
2024-01-28,2024,Q1,1,January,Sunday,Yes,Night,22:00,06:00,0.384
2024-01-29,2024,Q1,1,January,Monday,No,Morning,06:00,14:00,0.853
2024-01-29,2024,Q1,1,January,Monday,No,Afternoon,14:00,22:00,0.853
2024-01-29,2024,Q1,1,January,Monday,No,Night,22:00,06:00,0.853
2024-01-30,2024,Q1,1,January,Tuesday,No,Morning,06:00,14:00,0.853
2024-01-30,2024,Q1,1,January,Tuesday,No,Afternoon,14:00,22:00,0.853
2024-01-30,2024,Q1,1,January,Tuesday,No,Night,22:00,06:00,0.853
2024-01-31,2024,Q1,1,January,Wednesday,No,Morning,06:00,14:00,0.853
2024-01-31,2024,Q1,1,January,Wednesday,No,Afternoon,14:00,22:00,0.853
2024-01-31,2024,Q1,1,January,Wednesday,No,Night,22:00,06:00,0.853
2024-02-01,2024,Q1,2,February,Thursday,No,Morning,06:00,14:00,0.853
2024-02-01,2024,Q1,2,February,Thursday,No,Afternoon,14:00,22:00,0.853
2024-02-01,2024,Q1,2,February,Thursday,No,Night,22:00,06:00,0.853
2024-02-02,2024,Q1,2,February,Friday,No,Morning,06:00,14:00,0.853
2024-02-02,2024,Q1,2,February,Friday,No,Afternoon,14:00,22:00,0.853
2024-02-02,2024,Q1,2,February,Friday,No,Night,22:00,06:00,0.853
2024-02-03,2024,Q1,2,February,Saturday,Yes,Morning,06:00,14:00,0.854
2024-02-03,2024,Q1,2,February,Saturday,Yes,Afternoon,14:00,22:00,0.854
2024-02-03,2024,Q1,2,February,Saturday,Yes,Night,22:00,06:00,0.854
2024-02-04,2024,Q1,2,February,Sunday,Yes,Morning,06:00,14:00,0.384
2024-02-04,2024,Q1,2,February,Sunday,Yes,Afternoon,14:00,22:00,0.384
2024-02-04,2024,Q1,2,February,Sunday,Yes,Night,22:00,06:00,0.384
2024-02-05,2024,Q1,2,February,Monday,No,Morning,06:00,14:00,0.854
2024-02-05,2024,Q1,2,February,Monday,No,Afternoon,14:00,22:00,0.854
2024-02-05,2024,Q1,2,February,Monday,No,Night,22:00,06:00,0.854
2024-02-06,2024,Q1,2,February,Tuesday,No,Morning,06:00,14:00,0.854
2024-02-06,2024,Q1,2,February,Tuesday,No,Afternoon,14:00,22:00,0.854
2024-02-06,2024,Q1,2,February,Tuesday,No,Night,22:00,06:00,0.854
2024-02-07,2024,Q1,2,February,Wednesday,No,Morning,06:00,14:00,0.854
2024-02-07,2024,Q1,2,February,Wednesday,No,Afternoon,14:00,22:00,0.854
2024-02-07,2024,Q1,2,February,Wednesday,No,Night,22:00,06:00,0.854
2024-02-08,2024,Q1,2,February,Thursday,No,Morning,06:00,14:00,0.854
2024-02-08,2024,Q1,2,February,Thursday,No,Afternoon,14:00,22:00,0.854
2024-02-08,2024,Q1,2,February,Thursday,No,Night,22:00,06:00,0.854
2024-02-09,2024,Q1,2,February,Friday,No,Morning,06:00,14:00,0.854
2024-02-09,2024,Q1,2,February,Friday,No,Afternoon,14:00,22:00,0.854
2024-02-09,2024,Q1,2,February,Friday,No,Night,22:00,06:00,0.854
2024-02-10,2024,Q1,2,February,Saturday,Yes,Morning,06:00,14:00,0.854
2024-02-10,2024,Q1,2,February,Saturday,Yes,Afternoon,14:00,22:00,0.854
2024-02-10,2024,Q1,2,February,Saturday,Yes,Night,22:00,06:00,0.854
2024-02-11,2024,Q1,2,February,Sunday,Yes,Morning,06:00,14:00,0.384
2024-02-11,2024,Q1,2,February,Sunday,Yes,Afternoon,14:00,22:00,0.384
2024-02-11,2024,Q1,2,February,Sunday,Yes,Night,22:00,06:00,0.384
2024-02-12,2024,Q1,2,February,Monday,No,Morning,06:00,14:00,0.855
2024-02-12,2024,Q1,2,February,Monday,No,Afternoon,14:00,22:00,0.855
2024-02-12,2024,Q1,2,February,Monday,No,Night,22:00,06:00,0.855
2024-02-13,2024,Q1,2,February,Tuesday,No,Morning,06:00,14:00,0.855
2024-02-13,2024,Q1,2,February,Tuesday,No,Afternoon,14:00,22:00,0.855
2024-02-13,2024,Q1,2,February,Tuesday,No,Night,22:00,06:00,0.855
2024-02-14,2024,Q1,2,February,Wednesday,No,Morning,06:00,14:00,0.855
2024-02-14,2024,Q1,2,February,Wednesday,No,Afternoon,14:00,22:00,0.855
2024-02-14,2024,Q1,2,February,Wednesday,No,Night,22:00,06:00,0.855
2024-02-15,2024,Q1,2,February,Thursday,No,Morning,06:00,14:00,0.855
2024-02-15,2024,Q1,2,February,Thursday,No,Afternoon,14:00,22:00,0.855
2024-02-15,2024,Q1,2,February,Thursday,No,Night,22:00,06:00,0.855
2024-02-16,2024,Q1,2,February,Friday,No,Morning,06:00,14:00,0.855
2024-02-16,2024,Q1,2,February,Friday,No,Afternoon,14:00,22:00,0.855
2024-02-16,2024,Q1,2,February,Friday,No,Night,22:00,06:00,0.855
2024-02-17,2024,Q1,2,February,Saturday,Yes,Morning,06:00,14:00,0.855
2024-02-17,2024,Q1,2,February,Saturday,Yes,Afternoon,14:00,22:00,0.855
2024-02-17,2024,Q1,2,February,Saturday,Yes,Night,22:00,06:00,0.855
2024-02-18,2024,Q1,2,February,Sunday,Yes,Morning,06:00,14:00,0.385
2024-02-18,2024,Q1,2,February,Sunday,Yes,Afternoon,14:00,22:00,0.385
2024-02-18,2024,Q1,2,February,Sunday,Yes,Night,22:00,06:00,0.385
2024-02-19,2024,Q1,2,February,Monday,No,Morning,06:00,14:00,0.855
2024-02-19,2024,Q1,2,February,Monday,No,Afternoon,14:00,22:00,0.855
2024-02-19,2024,Q1,2,February,Monday,No,Night,22:00,06:00,0.855
2024-02-20,2024,Q1,2,February,Tuesday,No,Morning,06:00,14:00,0.855
2024-02-20,2024,Q1,2,February,Tuesday,No,Afternoon,14:00,22:00,0.855
2024-02-20,2024,Q1,2,February,Tuesday,No,Night,22:00,06:00,0.855
2024-02-21,2024,Q1,2,February,Wednesday,No,Morning,06:00,14:00,0.855
2024-02-21,2024,Q1,2,February,Wednesday,No,Afternoon,14:00,22:00,0.855
2024-02-21,2024,Q1,2,February,Wednesday,No,Night,22:00,06:00,0.855
2024-02-22,2024,Q1,2,February,Thursday,No,Morning,06:00,14:00,0.856
2024-02-22,2024,Q1,2,February,Thursday,No,Afternoon,14:00,22:00,0.856
2024-02-22,2024,Q1,2,February,Thursday,No,Night,22:00,06:00,0.856
2024-02-23,2024,Q1,2,February,Friday,No,Morning,06:00,14:00,0.856
2024-02-23,2024,Q1,2,February,Friday,No,Afternoon,14:00,22:00,0.856
2024-02-23,2024,Q1,2,February,Friday,No,Night,22:00,06:00,0.856
2024-02-24,2024,Q1,2,February,Saturday,Yes,Morning,06:00,14:00,0.856
2024-02-24,2024,Q1,2,February,Saturday,Yes,Afternoon,14:00,22:00,0.856
2024-02-24,2024,Q1,2,February,Saturday,Yes,Night,22:00,06:00,0.856
2024-02-25,2024,Q1,2,February,Sunday,Yes,Morning,06:00,14:00,0.385
2024-02-25,2024,Q1,2,February,Sunday,Yes,Afternoon,14:00,22:00,0.385
2024-02-25,2024,Q1,2,February,Sunday,Yes,Night,22:00,06:00,0.385
2024-02-26,2024,Q1,2,February,Monday,No,Morning,06:00,14:00,0.856
2024-02-26,2024,Q1,2,February,Monday,No,Afternoon,14:00,22:00,0.856
2024-02-26,2024,Q1,2,February,Monday,No,Night,22:00,06:00,0.856
2024-02-27,2024,Q1,2,February,Tuesday,No,Morning,06:00,14:00,0.856
2024-02-27,2024,Q1,2,February,Tuesday,No,Afternoon,14:00,22:00,0.856
2024-02-27,2024,Q1,2,February,Tuesday,No,Night,22:00,06:00,0.856
2024-02-28,2024,Q1,2,February,Wednesday,No,Morning,06:00,14:00,0.856
2024-02-28,2024,Q1,2,February,Wednesday,No,Afternoon,14:00,22:00,0.856
2024-02-28,2024,Q1,2,February,Wednesday,No,Night,22:00,06:00,0.856
2024-02-29,2024,Q1,2,February,Thursday,No,Morning,06:00,14:00,0.856
2024-02-29,2024,Q1,2,February,Thursday,No,Afternoon,14:00,22:00,0.856
2024-02-29,2024,Q1,2,February,Thursday,No,Night,22:00,06:00,0.856
2024-03-01,2024,Q1,3,March,Friday,No,Morning,06:00,14:00,1.008
2024-03-01,2024,Q1,3,March,Friday,No,Afternoon,14:00,22:00,1.008
2024-03-01,2024,Q1,3,March,Friday,No,Night,22:00,06:00,1.008
2024-03-02,2024,Q1,3,March,Saturday,Yes,Morning,06:00,14:00,1.008
2024-03-02,2024,Q1,3,March,Saturday,Yes,Afternoon,14:00,22:00,1.008
2024-03-02,2024,Q1,3,March,Saturday,Yes,Night,22:00,06:00,1.008
2024-03-03,2024,Q1,3,March,Sunday,Yes,Morning,06:00,14:00,0.453
2024-03-03,2024,Q1,3,March,Sunday,Yes,Afternoon,14:00,22:00,0.453
2024-03-03,2024,Q1,3,March,Sunday,Yes,Night,22:00,06:00,0.453
2024-03-04,2024,Q1,3,March,Monday,No,Morning,06:00,14:00,1.008
2024-03-04,2024,Q1,3,March,Monday,No,Afternoon,14:00,22:00,1.008
2024-03-04,2024,Q1,3,March,Monday,No,Night,22:00,06:00,1.008
2024-03-05,2024,Q1,3,March,Tuesday,No,Morning,06:00,14:00,1.008
2024-03-05,2024,Q1,3,March,Tuesday,No,Afternoon,14:00,22:00,1.008
2024-03-05,2024,Q1,3,March,Tuesday,No,Night,22:00,06:00,1.008
2024-03-06,2024,Q1,3,March,Wednesday,No,Morning,06:00,14:00,1.008
2024-03-06,2024,Q1,3,March,Wednesday,No,Afternoon,14:00,22:00,1.008
2024-03-06,2024,Q1,3,March,Wednesday,No,Night,22:00,06:00,1.008
2024-03-07,2024,Q1,3,March,Thursday,No,Morning,06:00,14:00,1.008
2024-03-07,2024,Q1,3,March,Thursday,No,Afternoon,14:00,22:00,1.008
2024-03-07,2024,Q1,3,March,Thursday,No,Night,22:00,06:00,1.008
2024-03-08,2024,Q1,3,March,Friday,No,Morning,06:00,14:00,1.008
2024-03-08,2024,Q1,3,March,Friday,No,Afternoon,14:00,22:00,1.008
2024-03-08,2024,Q1,3,March,Friday,No,Night,22:00,06:00,1.008
2024-03-09,2024,Q1,3,March,Saturday,Yes,Morning,06:00,14:00,1.009
2024-03-09,2024,Q1,3,March,Saturday,Yes,Afternoon,14:00,22:00,1.009
2024-03-09,2024,Q1,3,March,Saturday,Yes,Night,22:00,06:00,1.009
2024-03-10,2024,Q1,3,March,Sunday,Yes,Morning,06:00,14:00,0.454
2024-03-10,2024,Q1,3,March,Sunday,Yes,Afternoon,14:00,22:00,0.454
2024-03-10,2024,Q1,3,March,Sunday,Yes,Night,22:00,06:00,0.454
2024-03-11,2024,Q1,3,March,Monday,No,Morning,06:00,14:00,1.009
2024-03-11,2024,Q1,3,March,Monday,No,Afternoon,14:00,22:00,1.009
2024-03-11,2024,Q1,3,March,Monday,No,Night,22:00,06:00,1.009
2024-03-12,2024,Q1,3,March,Tuesday,No,Morning,06:00,14:00,1.009
2024-03-12,2024,Q1,3,March,Tuesday,No,Afternoon,14:00,22:00,1.009
2024-03-12,2024,Q1,3,March,Tuesday,No,Night,22:00,06:00,1.009
2024-03-13,2024,Q1,3,March,Wednesday,No,Morning,06:00,14:00,1.009
2024-03-13,2024,Q1,3,March,Wednesday,No,Afternoon,14:00,22:00,1.009
2024-03-13,2024,Q1,3,March,Wednesday,No,Night,22:00,06:00,1.009
2024-03-14,2024,Q1,3,March,Thursday,No,Morning,06:00,14:00,1.009
2024-03-14,2024,Q1,3,March,Thursday,No,Afternoon,14:00,22:00,1.009
2024-03-14,2024,Q1,3,March,Thursday,No,Night,22:00,06:00,1.009
2024-03-15,2024,Q1,3,March,Friday,No,Morning,06:00,14:00,1.009
2024-03-15,2024,Q1,3,March,Friday,No,Afternoon,14:00,22:00,1.009
2024-03-15,2024,Q1,3,March,Friday,No,Night,22:00,06:00,1.009
2024-03-16,2024,Q1,3,March,Saturday,Yes,Morning,06:00,14:00,1.009
2024-03-16,2024,Q1,3,March,Saturday,Yes,Afternoon,14:00,22:00,1.009
2024-03-16,2024,Q1,3,March,Saturday,Yes,Night,22:00,06:00,1.009
2024-03-17,2024,Q1,3,March,Sunday,Yes,Morning,06:00,14:00,0.454
2024-03-17,2024,Q1,3,March,Sunday,Yes,Afternoon,14:00,22:00,0.454
2024-03-17,2024,Q1,3,March,Sunday,Yes,Night,22:00,06:00,0.454
2024-03-18,2024,Q1,3,March,Monday,No,Morning,06:00,14:00,1.01
2024-03-18,2024,Q1,3,March,Monday,No,Afternoon,14:00,22:00,1.01
2024-03-18,2024,Q1,3,March,Monday,No,Night,22:00,06:00,1.01
2024-03-19,2024,Q1,3,March,Tuesday,No,Morning,06:00,14:00,1.01
2024-03-19,2024,Q1,3,March,Tuesday,No,Afternoon,14:00,22:00,1.01
2024-03-19,2024,Q1,3,March,Tuesday,No,Night,22:00,06:00,1.01
2024-03-20,2024,Q1,3,March,Wednesday,No,Morning,06:00,14:00,1.01
2024-03-20,2024,Q1,3,March,Wednesday,No,Afternoon,14:00,22:00,1.01
2024-03-20,2024,Q1,3,March,Wednesday,No,Night,22:00,06:00,1.01
2024-03-21,2024,Q1,3,March,Thursday,No,Morning,06:00,14:00,1.01
2024-03-21,2024,Q1,3,March,Thursday,No,Afternoon,14:00,22:00,1.01
2024-03-21,2024,Q1,3,March,Thursday,No,Night,22:00,06:00,1.01
2024-03-22,2024,Q1,3,March,Friday,No,Morning,06:00,14:00,1.01
2024-03-22,2024,Q1,3,March,Friday,No,Afternoon,14:00,22:00,1.01
2024-03-22,2024,Q1,3,March,Friday,No,Night,22:00,06:00,1.01
2024-03-23,2024,Q1,3,March,Saturday,Yes,Morning,06:00,14:00,1.01
2024-03-23,2024,Q1,3,March,Saturday,Yes,Afternoon,14:00,22:00,1.01
2024-03-23,2024,Q1,3,March,Saturday,Yes,Night,22:00,06:00,1.01
2024-03-24,2024,Q1,3,March,Sunday,Yes,Morning,06:00,14:00,0.455
2024-03-24,2024,Q1,3,March,Sunday,Yes,Afternoon,14:00,22:00,0.455
2024-03-24,2024,Q1,3,March,Sunday,Yes,Night,22:00,06:00,0.455
2024-03-25,2024,Q1,3,March,Monday,No,Morning,06:00,14:00,1.01
2024-03-25,2024,Q1,3,March,Monday,No,Afternoon,14:00,22:00,1.01
2024-03-25,2024,Q1,3,March,Monday,No,Night,22:00,06:00,1.01
2024-03-26,2024,Q1,3,March,Tuesday,No,Morning,06:00,14:00,1.011
2024-03-26,2024,Q1,3,March,Tuesday,No,Afternoon,14:00,22:00,1.011
2024-03-26,2024,Q1,3,March,Tuesday,No,Night,22:00,06:00,1.011
2024-03-27,2024,Q1,3,March,Wednesday,No,Morning,06:00,14:00,1.011
2024-03-27,2024,Q1,3,March,Wednesday,No,Afternoon,14:00,22:00,1.011
2024-03-27,2024,Q1,3,March,Wednesday,No,Night,22:00,06:00,1.011
2024-03-28,2024,Q1,3,March,Thursday,No,Morning,06:00,14:00,1.011
2024-03-28,2024,Q1,3,March,Thursday,No,Afternoon,14:00,22:00,1.011
2024-03-28,2024,Q1,3,March,Thursday,No,Night,22:00,06:00,1.011
2024-03-29,2024,Q1,3,March,Friday,No,Morning,06:00,14:00,1.011
2024-03-29,2024,Q1,3,March,Friday,No,Afternoon,14:00,22:00,1.011
2024-03-29,2024,Q1,3,March,Friday,No,Night,22:00,06:00,1.011
2024-03-30,2024,Q1,3,March,Saturday,Yes,Morning,06:00,14:00,1.011
2024-03-30,2024,Q1,3,March,Saturday,Yes,Afternoon,14:00,22:00,1.011
2024-03-30,2024,Q1,3,March,Saturday,Yes,Night,22:00,06:00,1.011
2024-03-31,2024,Q1,3,March,Sunday,Yes,Morning,06:00,14:00,0.455
2024-03-31,2024,Q1,3,March,Sunday,Yes,Afternoon,14:00,22:00,0.455
2024-03-31,2024,Q1,3,March,Sunday,Yes,Night,22:00,06:00,0.455
2024-04-01,2024,Q2,4,April,Monday,No,Morning,06:00,14:00,1.011
2024-04-01,2024,Q2,4,April,Monday,No,Afternoon,14:00,22:00,1.011
2024-04-01,2024,Q2,4,April,Monday,No,Night,22:00,06:00,1.011
2024-04-02,2024,Q2,4,April,Tuesday,No,Morning,06:00,14:00,1.011
2024-04-02,2024,Q2,4,April,Tuesday,No,Afternoon,14:00,22:00,1.011
2024-04-02,2024,Q2,4,April,Tuesday,No,Night,22:00,06:00,1.011
2024-04-03,2024,Q2,4,April,Wednesday,No,Morning,06:00,14:00,1.012
2024-04-03,2024,Q2,4,April,Wednesday,No,Afternoon,14:00,22:00,1.012
2024-04-03,2024,Q2,4,April,Wednesday,No,Night,22:00,06:00,1.012
2024-04-04,2024,Q2,4,April,Thursday,No,Morning,06:00,14:00,1.012
2024-04-04,2024,Q2,4,April,Thursday,No,Afternoon,14:00,22:00,1.012
2024-04-04,2024,Q2,4,April,Thursday,No,Night,22:00,06:00,1.012
2024-04-05,2024,Q2,4,April,Friday,No,Morning,06:00,14:00,1.012
2024-04-05,2024,Q2,4,April,Friday,No,Afternoon,14:00,22:00,1.012
2024-04-05,2024,Q2,4,April,Friday,No,Night,22:00,06:00,1.012
2024-04-06,2024,Q2,4,April,Saturday,Yes,Morning,06:00,14:00,1.012
2024-04-06,2024,Q2,4,April,Saturday,Yes,Afternoon,14:00,22:00,1.012
2024-04-06,2024,Q2,4,April,Saturday,Yes,Night,22:00,06:00,1.012
2024-04-07,2024,Q2,4,April,Sunday,Yes,Morning,06:00,14:00,0.455
2024-04-07,2024,Q2,4,April,Sunday,Yes,Afternoon,14:00,22:00,0.455
2024-04-07,2024,Q2,4,April,Sunday,Yes,Night,22:00,06:00,0.455
2024-04-08,2024,Q2,4,April,Monday,No,Morning,06:00,14:00,1.012
2024-04-08,2024,Q2,4,April,Monday,No,Afternoon,14:00,22:00,1.012
2024-04-08,2024,Q2,4,April,Monday,No,Night,22:00,06:00,1.012
2024-04-09,2024,Q2,4,April,Tuesday,No,Morning,06:00,14:00,1.012
2024-04-09,2024,Q2,4,April,Tuesday,No,Afternoon,14:00,22:00,1.012
2024-04-09,2024,Q2,4,April,Tuesday,No,Night,22:00,06:00,1.012
2024-04-10,2024,Q2,4,April,Wednesday,No,Morning,06:00,14:00,1.012
2024-04-10,2024,Q2,4,April,Wednesday,No,Afternoon,14:00,22:00,1.012
2024-04-10,2024,Q2,4,April,Wednesday,No,Night,22:00,06:00,1.012
2024-04-11,2024,Q2,4,April,Thursday,No,Morning,06:00,14:00,1.013
2024-04-11,2024,Q2,4,April,Thursday,No,Afternoon,14:00,22:00,1.013
2024-04-11,2024,Q2,4,April,Thursday,No,Night,22:00,06:00,1.013
2024-04-12,2024,Q2,4,April,Friday,No,Morning,06:00,14:00,1.013
2024-04-12,2024,Q2,4,April,Friday,No,Afternoon,14:00,22:00,1.013
2024-04-12,2024,Q2,4,April,Friday,No,Night,22:00,06:00,1.013
2024-04-13,2024,Q2,4,April,Saturday,Yes,Morning,06:00,14:00,1.013
2024-04-13,2024,Q2,4,April,Saturday,Yes,Afternoon,14:00,22:00,1.013
2024-04-13,2024,Q2,4,April,Saturday,Yes,Night,22:00,06:00,1.013
2024-04-14,2024,Q2,4,April,Sunday,Yes,Morning,06:00,14:00,0.456
2024-04-14,2024,Q2,4,April,Sunday,Yes,Afternoon,14:00,22:00,0.456
2024-04-14,2024,Q2,4,April,Sunday,Yes,Night,22:00,06:00,0.456
2024-04-15,2024,Q2,4,April,Monday,No,Morning,06:00,14:00,1.013
2024-04-15,2024,Q2,4,April,Monday,No,Afternoon,14:00,22:00,1.013
2024-04-15,2024,Q2,4,April,Monday,No,Night,22:00,06:00,1.013
2024-04-16,2024,Q2,4,April,Tuesday,No,Morning,06:00,14:00,1.013
2024-04-16,2024,Q2,4,April,Tuesday,No,Afternoon,14:00,22:00,1.013
2024-04-16,2024,Q2,4,April,Tuesday,No,Night,22:00,06:00,1.013
2024-04-17,2024,Q2,4,April,Wednesday,No,Morning,06:00,14:00,1.013
2024-04-17,2024,Q2,4,April,Wednesday,No,Afternoon,14:00,22:00,1.013
2024-04-17,2024,Q2,4,April,Wednesday,No,Night,22:00,06:00,1.013
2024-04-18,2024,Q2,4,April,Thursday,No,Morning,06:00,14:00,1.013
2024-04-18,2024,Q2,4,April,Thursday,No,Afternoon,14:00,22:00,1.013
2024-04-18,2024,Q2,4,April,Thursday,No,Night,22:00,06:00,1.013
2024-04-19,2024,Q2,4,April,Friday,No,Morning,06:00,14:00,1.014
2024-04-19,2024,Q2,4,April,Friday,No,Afternoon,14:00,22:00,1.014
2024-04-19,2024,Q2,4,April,Friday,No,Night,22:00,06:00,1.014
2024-04-20,2024,Q2,4,April,Saturday,Yes,Morning,06:00,14:00,1.014
2024-04-20,2024,Q2,4,April,Saturday,Yes,Afternoon,14:00,22:00,1.014
2024-04-20,2024,Q2,4,April,Saturday,Yes,Night,22:00,06:00,1.014
2024-04-21,2024,Q2,4,April,Sunday,Yes,Morning,06:00,14:00,0.456
2024-04-21,2024,Q2,4,April,Sunday,Yes,Afternoon,14:00,22:00,0.456
2024-04-21,2024,Q2,4,April,Sunday,Yes,Night,22:00,06:00,0.456
2024-04-22,2024,Q2,4,April,Monday,No,Morning,06:00,14:00,1.014
2024-04-22,2024,Q2,4,April,Monday,No,Afternoon,14:00,22:00,1.014
2024-04-22,2024,Q2,4,April,Monday,No,Night,22:00,06:00,1.014
2024-04-23,2024,Q2,4,April,Tuesday,No,Morning,06:00,14:00,1.014
2024-04-23,2024,Q2,4,April,Tuesday,No,Afternoon,14:00,22:00,1.014
2024-04-23,2024,Q2,4,April,Tuesday,No,Night,22:00,06:00,1.014
2024-04-24,2024,Q2,4,April,Wednesday,No,Morning,06:00,14:00,1.014
2024-04-24,2024,Q2,4,April,Wednesday,No,Afternoon,14:00,22:00,1.014
2024-04-24,2024,Q2,4,April,Wednesday,No,Night,22:00,06:00,1.014
2024-04-25,2024,Q2,4,April,Thursday,No,Morning,06:00,14:00,1.014
2024-04-25,2024,Q2,4,April,Thursday,No,Afternoon,14:00,22:00,1.014
2024-04-25,2024,Q2,4,April,Thursday,No,Night,22:00,06:00,1.014
2024-04-26,2024,Q2,4,April,Friday,No,Morning,06:00,14:00,1.014
2024-04-26,2024,Q2,4,April,Friday,No,Afternoon,14:00,22:00,1.014
2024-04-26,2024,Q2,4,April,Friday,No,Night,22:00,06:00,1.014
2024-04-27,2024,Q2,4,April,Saturday,Yes,Morning,06:00,14:00,1.015
2024-04-27,2024,Q2,4,April,Saturday,Yes,Afternoon,14:00,22:00,1.015
2024-04-27,2024,Q2,4,April,Saturday,Yes,Night,22:00,06:00,1.015
2024-04-28,2024,Q2,4,April,Sunday,Yes,Morning,06:00,14:00,0.457
2024-04-28,2024,Q2,4,April,Sunday,Yes,Afternoon,14:00,22:00,0.457
2024-04-28,2024,Q2,4,April,Sunday,Yes,Night,22:00,06:00,0.457
2024-04-29,2024,Q2,4,April,Monday,No,Morning,06:00,14:00,1.015
2024-04-29,2024,Q2,4,April,Monday,No,Afternoon,14:00,22:00,1.015
2024-04-29,2024,Q2,4,April,Monday,No,Night,22:00,06:00,1.015
2024-04-30,2024,Q2,4,April,Tuesday,No,Morning,06:00,14:00,1.015
2024-04-30,2024,Q2,4,April,Tuesday,No,Afternoon,14:00,22:00,1.015
2024-04-30,2024,Q2,4,April,Tuesday,No,Night,22:00,06:00,1.015
2024-05-01,2024,Q2,5,May,Wednesday,No,Morning,06:00,14:00,1.015
2024-05-01,2024,Q2,5,May,Wednesday,No,Afternoon,14:00,22:00,1.015
2024-05-01,2024,Q2,5,May,Wednesday,No,Night,22:00,06:00,1.015
2024-05-02,2024,Q2,5,May,Thursday,No,Morning,06:00,14:00,1.015
2024-05-02,2024,Q2,5,May,Thursday,No,Afternoon,14:00,22:00,1.015
2024-05-02,2024,Q2,5,May,Thursday,No,Night,22:00,06:00,1.015
2024-05-03,2024,Q2,5,May,Friday,No,Morning,06:00,14:00,1.015
2024-05-03,2024,Q2,5,May,Friday,No,Afternoon,14:00,22:00,1.015
2024-05-03,2024,Q2,5,May,Friday,No,Night,22:00,06:00,1.015
2024-05-04,2024,Q2,5,May,Saturday,Yes,Morning,06:00,14:00,1.015
2024-05-04,2024,Q2,5,May,Saturday,Yes,Afternoon,14:00,22:00,1.015
2024-05-04,2024,Q2,5,May,Saturday,Yes,Night,22:00,06:00,1.015
2024-05-05,2024,Q2,5,May,Sunday,Yes,Morning,06:00,14:00,0.457
2024-05-05,2024,Q2,5,May,Sunday,Yes,Afternoon,14:00,22:00,0.457
2024-05-05,2024,Q2,5,May,Sunday,Yes,Night,22:00,06:00,0.457
2024-05-06,2024,Q2,5,May,Monday,No,Morning,06:00,14:00,1.016
2024-05-06,2024,Q2,5,May,Monday,No,Afternoon,14:00,22:00,1.016
2024-05-06,2024,Q2,5,May,Monday,No,Night,22:00,06:00,1.016
2024-05-07,2024,Q2,5,May,Tuesday,No,Morning,06:00,14:00,1.016
2024-05-07,2024,Q2,5,May,Tuesday,No,Afternoon,14:00,22:00,1.016
2024-05-07,2024,Q2,5,May,Tuesday,No,Night,22:00,06:00,1.016
2024-05-08,2024,Q2,5,May,Wednesday,No,Morning,06:00,14:00,1.016
2024-05-08,2024,Q2,5,May,Wednesday,No,Afternoon,14:00,22:00,1.016
2024-05-08,2024,Q2,5,May,Wednesday,No,Night,22:00,06:00,1.016
2024-05-09,2024,Q2,5,May,Thursday,No,Morning,06:00,14:00,1.016
2024-05-09,2024,Q2,5,May,Thursday,No,Afternoon,14:00,22:00,1.016
2024-05-09,2024,Q2,5,May,Thursday,No,Night,22:00,06:00,1.016
2024-05-10,2024,Q2,5,May,Friday,No,Morning,06:00,14:00,1.016
2024-05-10,2024,Q2,5,May,Friday,No,Afternoon,14:00,22:00,1.016
2024-05-10,2024,Q2,5,May,Friday,No,Night,22:00,06:00,1.016
2024-05-11,2024,Q2,5,May,Saturday,Yes,Morning,06:00,14:00,1.016
2024-05-11,2024,Q2,5,May,Saturday,Yes,Afternoon,14:00,22:00,1.016
2024-05-11,2024,Q2,5,May,Saturday,Yes,Night,22:00,06:00,1.016
2024-05-12,2024,Q2,5,May,Sunday,Yes,Morning,06:00,14:00,0.457
2024-05-12,2024,Q2,5,May,Sunday,Yes,Afternoon,14:00,22:00,0.457
2024-05-12,2024,Q2,5,May,Sunday,Yes,Night,22:00,06:00,0.457
2024-05-13,2024,Q2,5,May,Monday,No,Morning,06:00,14:00,1.017
2024-05-13,2024,Q2,5,May,Monday,No,Afternoon,14:00,22:00,1.017
2024-05-13,2024,Q2,5,May,Monday,No,Night,22:00,06:00,1.017
2024-05-14,2024,Q2,5,May,Tuesday,No,Morning,06:00,14:00,1.017
2024-05-14,2024,Q2,5,May,Tuesday,No,Afternoon,14:00,22:00,1.017
2024-05-14,2024,Q2,5,May,Tuesday,No,Night,22:00,06:00,1.017
2024-05-15,2024,Q2,5,May,Wednesday,No,Morning,06:00,14:00,1.017
2024-05-15,2024,Q2,5,May,Wednesday,No,Afternoon,14:00,22:00,1.017
2024-05-15,2024,Q2,5,May,Wednesday,No,Night,22:00,06:00,1.017
2024-05-16,2024,Q2,5,May,Thursday,No,Morning,06:00,14:00,1.017
2024-05-16,2024,Q2,5,May,Thursday,No,Afternoon,14:00,22:00,1.017
2024-05-16,2024,Q2,5,May,Thursday,No,Night,22:00,06:00,1.017
2024-05-17,2024,Q2,5,May,Friday,No,Morning,06:00,14:00,1.017
2024-05-17,2024,Q2,5,May,Friday,No,Afternoon,14:00,22:00,1.017
2024-05-17,2024,Q2,5,May,Friday,No,Night,22:00,06:00,1.017
2024-05-18,2024,Q2,5,May,Saturday,Yes,Morning,06:00,14:00,1.017
2024-05-18,2024,Q2,5,May,Saturday,Yes,Afternoon,14:00,22:00,1.017
2024-05-18,2024,Q2,5,May,Saturday,Yes,Night,22:00,06:00,1.017
2024-05-19,2024,Q2,5,May,Sunday,Yes,Morning,06:00,14:00,0.458
2024-05-19,2024,Q2,5,May,Sunday,Yes,Afternoon,14:00,22:00,0.458
2024-05-19,2024,Q2,5,May,Sunday,Yes,Night,22:00,06:00,0.458
2024-05-20,2024,Q2,5,May,Monday,No,Morning,06:00,14:00,1.017
2024-05-20,2024,Q2,5,May,Monday,No,Afternoon,14:00,22:00,1.017
2024-05-20,2024,Q2,5,May,Monday,No,Night,22:00,06:00,1.017
2024-05-21,2024,Q2,5,May,Tuesday,No,Morning,06:00,14:00,1.018
2024-05-21,2024,Q2,5,May,Tuesday,No,Afternoon,14:00,22:00,1.018
2024-05-21,2024,Q2,5,May,Tuesday,No,Night,22:00,06:00,1.018
2024-05-22,2024,Q2,5,May,Wednesday,No,Morning,06:00,14:00,1.018
2024-05-22,2024,Q2,5,May,Wednesday,No,Afternoon,14:00,22:00,1.018
2024-05-22,2024,Q2,5,May,Wednesday,No,Night,22:00,06:00,1.018
2024-05-23,2024,Q2,5,May,Thursday,No,Morning,06:00,14:00,1.018
2024-05-23,2024,Q2,5,May,Thursday,No,Afternoon,14:00,22:00,1.018
2024-05-23,2024,Q2,5,May,Thursday,No,Night,22:00,06:00,1.018
2024-05-24,2024,Q2,5,May,Friday,No,Morning,06:00,14:00,1.018
2024-05-24,2024,Q2,5,May,Friday,No,Afternoon,14:00,22:00,1.018
2024-05-24,2024,Q2,5,May,Friday,No,Night,22:00,06:00,1.018
2024-05-25,2024,Q2,5,May,Saturday,Yes,Morning,06:00,14:00,1.018
2024-05-25,2024,Q2,5,May,Saturday,Yes,Afternoon,14:00,22:00,1.018
2024-05-25,2024,Q2,5,May,Saturday,Yes,Night,22:00,06:00,1.018
2024-05-26,2024,Q2,5,May,Sunday,Yes,Morning,06:00,14:00,0.458
2024-05-26,2024,Q2,5,May,Sunday,Yes,Afternoon,14:00,22:00,0.458
2024-05-26,2024,Q2,5,May,Sunday,Yes,Night,22:00,06:00,0.458
2024-05-27,2024,Q2,5,May,Monday,No,Morning,06:00,14:00,1.018
2024-05-27,2024,Q2,5,May,Monday,No,Afternoon,14:00,22:00,1.018
2024-05-27,2024,Q2,5,May,Monday,No,Night,22:00,06:00,1.018
2024-05-28,2024,Q2,5,May,Tuesday,No,Morning,06:00,14:00,1.018
2024-05-28,2024,Q2,5,May,Tuesday,No,Afternoon,14:00,22:00,1.018
2024-05-28,2024,Q2,5,May,Tuesday,No,Night,22:00,06:00,1.018
2024-05-29,2024,Q2,5,May,Wednesday,No,Morning,06:00,14:00,1.018
2024-05-29,2024,Q2,5,May,Wednesday,No,Afternoon,14:00,22:00,1.018
2024-05-29,2024,Q2,5,May,Wednesday,No,Night,22:00,06:00,1.018
2024-05-30,2024,Q2,5,May,Thursday,No,Morning,06:00,14:00,1.019
2024-05-30,2024,Q2,5,May,Thursday,No,Afternoon,14:00,22:00,1.019
2024-05-30,2024,Q2,5,May,Thursday,No,Night,22:00,06:00,1.019
2024-05-31,2024,Q2,5,May,Friday,No,Morning,06:00,14:00,1.019
2024-05-31,2024,Q2,5,May,Friday,No,Afternoon,14:00,22:00,1.019
2024-05-31,2024,Q2,5,May,Friday,No,Night,22:00,06:00,1.019
2024-06-01,2024,Q2,6,June,Saturday,Yes,Morning,06:00,14:00,1.019
2024-06-01,2024,Q2,6,June,Saturday,Yes,Afternoon,14:00,22:00,1.019
2024-06-01,2024,Q2,6,June,Saturday,Yes,Night,22:00,06:00,1.019
2024-06-02,2024,Q2,6,June,Sunday,Yes,Morning,06:00,14:00,0.459
2024-06-02,2024,Q2,6,June,Sunday,Yes,Afternoon,14:00,22:00,0.459
2024-06-02,2024,Q2,6,June,Sunday,Yes,Night,22:00,06:00,0.459
2024-06-03,2024,Q2,6,June,Monday,No,Morning,06:00,14:00,1.019
2024-06-03,2024,Q2,6,June,Monday,No,Afternoon,14:00,22:00,1.019
2024-06-03,2024,Q2,6,June,Monday,No,Night,22:00,06:00,1.019
2024-06-04,2024,Q2,6,June,Tuesday,No,Morning,06:00,14:00,1.019
2024-06-04,2024,Q2,6,June,Tuesday,No,Afternoon,14:00,22:00,1.019
2024-06-04,2024,Q2,6,June,Tuesday,No,Night,22:00,06:00,1.019
2024-06-05,2024,Q2,6,June,Wednesday,No,Morning,06:00,14:00,1.019
2024-06-05,2024,Q2,6,June,Wednesday,No,Afternoon,14:00,22:00,1.019
2024-06-05,2024,Q2,6,June,Wednesday,No,Night,22:00,06:00,1.019
2024-06-06,2024,Q2,6,June,Thursday,No,Morning,06:00,14:00,1.019
2024-06-06,2024,Q2,6,June,Thursday,No,Afternoon,14:00,22:00,1.019
2024-06-06,2024,Q2,6,June,Thursday,No,Night,22:00,06:00,1.019
2024-06-07,2024,Q2,6,June,Friday,No,Morning,06:00,14:00,1.02
2024-06-07,2024,Q2,6,June,Friday,No,Afternoon,14:00,22:00,1.02
2024-06-07,2024,Q2,6,June,Friday,No,Night,22:00,06:00,1.02
2024-06-08,2024,Q2,6,June,Saturday,Yes,Morning,06:00,14:00,1.02
2024-06-08,2024,Q2,6,June,Saturday,Yes,Afternoon,14:00,22:00,1.02
2024-06-08,2024,Q2,6,June,Saturday,Yes,Night,22:00,06:00,1.02
2024-06-09,2024,Q2,6,June,Sunday,Yes,Morning,06:00,14:00,0.459
2024-06-09,2024,Q2,6,June,Sunday,Yes,Afternoon,14:00,22:00,0.459
2024-06-09,2024,Q2,6,June,Sunday,Yes,Night,22:00,06:00,0.459
2024-06-10,2024,Q2,6,June,Monday,No,Morning,06:00,14:00,1.02
2024-06-10,2024,Q2,6,June,Monday,No,Afternoon,14:00,22:00,1.02
2024-06-10,2024,Q2,6,June,Monday,No,Night,22:00,06:00,1.02
2024-06-11,2024,Q2,6,June,Tuesday,No,Morning,06:00,14:00,1.02
2024-06-11,2024,Q2,6,June,Tuesday,No,Afternoon,14:00,22:00,1.02
2024-06-11,2024,Q2,6,June,Tuesday,No,Night,22:00,06:00,1.02
2024-06-12,2024,Q2,6,June,Wednesday,No,Morning,06:00,14:00,1.02
2024-06-12,2024,Q2,6,June,Wednesday,No,Afternoon,14:00,22:00,1.02
2024-06-12,2024,Q2,6,June,Wednesday,No,Night,22:00,06:00,1.02
2024-06-13,2024,Q2,6,June,Thursday,No,Morning,06:00,14:00,1.02
2024-06-13,2024,Q2,6,June,Thursday,No,Afternoon,14:00,22:00,1.02
2024-06-13,2024,Q2,6,June,Thursday,No,Night,22:00,06:00,1.02
2024-06-14,2024,Q2,6,June,Friday,No,Morning,06:00,14:00,1.02
2024-06-14,2024,Q2,6,June,Friday,No,Afternoon,14:00,22:00,1.02
2024-06-14,2024,Q2,6,June,Friday,No,Night,22:00,06:00,1.02
2024-06-15,2024,Q2,6,June,Saturday,Yes,Morning,06:00,14:00,1.021
2024-06-15,2024,Q2,6,June,Saturday,Yes,Afternoon,14:00,22:00,1.021
2024-06-15,2024,Q2,6,June,Saturday,Yes,Night,22:00,06:00,1.021
2024-06-16,2024,Q2,6,June,Sunday,Yes,Morning,06:00,14:00,0.459
2024-06-16,2024,Q2,6,June,Sunday,Yes,Afternoon,14:00,22:00,0.459
2024-06-16,2024,Q2,6,June,Sunday,Yes,Night,22:00,06:00,0.459
2024-06-17,2024,Q2,6,June,Monday,No,Morning,06:00,14:00,1.021
2024-06-17,2024,Q2,6,June,Monday,No,Afternoon,14:00,22:00,1.021
2024-06-17,2024,Q2,6,June,Monday,No,Night,22:00,06:00,1.021
2024-06-18,2024,Q2,6,June,Tuesday,No,Morning,06:00,14:00,1.021
2024-06-18,2024,Q2,6,June,Tuesday,No,Afternoon,14:00,22:00,1.021
2024-06-18,2024,Q2,6,June,Tuesday,No,Night,22:00,06:00,1.021
2024-06-19,2024,Q2,6,June,Wednesday,No,Morning,06:00,14:00,1.021
2024-06-19,2024,Q2,6,June,Wednesday,No,Afternoon,14:00,22:00,1.021
2024-06-19,2024,Q2,6,June,Wednesday,No,Night,22:00,06:00,1.021
2024-06-20,2024,Q2,6,June,Thursday,No,Morning,06:00,14:00,1.021
2024-06-20,2024,Q2,6,June,Thursday,No,Afternoon,14:00,22:00,1.021
2024-06-20,2024,Q2,6,June,Thursday,No,Night,22:00,06:00,1.021
2024-06-21,2024,Q2,6,June,Friday,No,Morning,06:00,14:00,1.021
2024-06-21,2024,Q2,6,June,Friday,No,Afternoon,14:00,22:00,1.021
2024-06-21,2024,Q2,6,June,Friday,No,Night,22:00,06:00,1.021
2024-06-22,2024,Q2,6,June,Saturday,Yes,Morning,06:00,14:00,1.021
2024-06-22,2024,Q2,6,June,Saturday,Yes,Afternoon,14:00,22:00,1.021
2024-06-22,2024,Q2,6,June,Saturday,Yes,Night,22:00,06:00,1.021
2024-06-23,2024,Q2,6,June,Sunday,Yes,Morning,06:00,14:00,0.46
2024-06-23,2024,Q2,6,June,Sunday,Yes,Afternoon,14:00,22:00,0.46
2024-06-23,2024,Q2,6,June,Sunday,Yes,Night,22:00,06:00,0.46
2024-06-24,2024,Q2,6,June,Monday,No,Morning,06:00,14:00,1.022
2024-06-24,2024,Q2,6,June,Monday,No,Afternoon,14:00,22:00,1.022
2024-06-24,2024,Q2,6,June,Monday,No,Night,22:00,06:00,1.022
2024-06-25,2024,Q2,6,June,Tuesday,No,Morning,06:00,14:00,1.022
2024-06-25,2024,Q2,6,June,Tuesday,No,Afternoon,14:00,22:00,1.022
2024-06-25,2024,Q2,6,June,Tuesday,No,Night,22:00,06:00,1.022
2024-06-26,2024,Q2,6,June,Wednesday,No,Morning,06:00,14:00,1.022
2024-06-26,2024,Q2,6,June,Wednesday,No,Afternoon,14:00,22:00,1.022
2024-06-26,2024,Q2,6,June,Wednesday,No,Night,22:00,06:00,1.022
2024-06-27,2024,Q2,6,June,Thursday,No,Morning,06:00,14:00,1.022
2024-06-27,2024,Q2,6,June,Thursday,No,Afternoon,14:00,22:00,1.022
2024-06-27,2024,Q2,6,June,Thursday,No,Night,22:00,06:00,1.022
2024-06-28,2024,Q2,6,June,Friday,No,Morning,06:00,14:00,1.022
2024-06-28,2024,Q2,6,June,Friday,No,Afternoon,14:00,22:00,1.022
2024-06-28,2024,Q2,6,June,Friday,No,Night,22:00,06:00,1.022
2024-06-29,2024,Q2,6,June,Saturday,Yes,Morning,06:00,14:00,1.022
2024-06-29,2024,Q2,6,June,Saturday,Yes,Afternoon,14:00,22:00,1.022
2024-06-29,2024,Q2,6,June,Saturday,Yes,Night,22:00,06:00,1.022
2024-06-30,2024,Q2,6,June,Sunday,Yes,Morning,06:00,14:00,0.46
2024-06-30,2024,Q2,6,June,Sunday,Yes,Afternoon,14:00,22:00,0.46
2024-06-30,2024,Q2,6,June,Sunday,Yes,Night,22:00,06:00,0.46
2024-07-01,2024,Q3,7,July,Monday,No,Morning,06:00,14:00,1.176
2024-07-01,2024,Q3,7,July,Monday,No,Afternoon,14:00,22:00,1.176
2024-07-01,2024,Q3,7,July,Monday,No,Night,22:00,06:00,1.176
2024-07-02,2024,Q3,7,July,Tuesday,No,Morning,06:00,14:00,1.176
2024-07-02,2024,Q3,7,July,Tuesday,No,Afternoon,14:00,22:00,1.176
2024-07-02,2024,Q3,7,July,Tuesday,No,Night,22:00,06:00,1.176
2024-07-03,2024,Q3,7,July,Wednesday,No,Morning,06:00,14:00,1.176
2024-07-03,2024,Q3,7,July,Wednesday,No,Afternoon,14:00,22:00,1.176
2024-07-03,2024,Q3,7,July,Wednesday,No,Night,22:00,06:00,1.176
2024-07-04,2024,Q3,7,July,Thursday,No,Morning,06:00,14:00,1.176
2024-07-04,2024,Q3,7,July,Thursday,No,Afternoon,14:00,22:00,1.176
2024-07-04,2024,Q3,7,July,Thursday,No,Night,22:00,06:00,1.176
2024-07-05,2024,Q3,7,July,Friday,No,Morning,06:00,14:00,1.177
2024-07-05,2024,Q3,7,July,Friday,No,Afternoon,14:00,22:00,1.177
2024-07-05,2024,Q3,7,July,Friday,No,Night,22:00,06:00,1.177
2024-07-06,2024,Q3,7,July,Saturday,Yes,Morning,06:00,14:00,1.177
2024-07-06,2024,Q3,7,July,Saturday,Yes,Afternoon,14:00,22:00,1.177
2024-07-06,2024,Q3,7,July,Saturday,Yes,Night,22:00,06:00,1.177
2024-07-07,2024,Q3,7,July,Sunday,Yes,Morning,06:00,14:00,0.53
2024-07-07,2024,Q3,7,July,Sunday,Yes,Afternoon,14:00,22:00,0.53
2024-07-07,2024,Q3,7,July,Sunday,Yes,Night,22:00,06:00,0.53
2024-07-08,2024,Q3,7,July,Monday,No,Morning,06:00,14:00,1.177
2024-07-08,2024,Q3,7,July,Monday,No,Afternoon,14:00,22:00,1.177
2024-07-08,2024,Q3,7,July,Monday,No,Night,22:00,06:00,1.177
2024-07-09,2024,Q3,7,July,Tuesday,No,Morning,06:00,14:00,1.177
2024-07-09,2024,Q3,7,July,Tuesday,No,Afternoon,14:00,22:00,1.177
2024-07-09,2024,Q3,7,July,Tuesday,No,Night,22:00,06:00,1.177
2024-07-10,2024,Q3,7,July,Wednesday,No,Morning,06:00,14:00,1.177
2024-07-10,2024,Q3,7,July,Wednesday,No,Afternoon,14:00,22:00,1.177
2024-07-10,2024,Q3,7,July,Wednesday,No,Night,22:00,06:00,1.177
2024-07-11,2024,Q3,7,July,Thursday,No,Morning,06:00,14:00,1.177
2024-07-11,2024,Q3,7,July,Thursday,No,Afternoon,14:00,22:00,1.177
2024-07-11,2024,Q3,7,July,Thursday,No,Night,22:00,06:00,1.177
2024-07-12,2024,Q3,7,July,Friday,No,Morning,06:00,14:00,1.178
2024-07-12,2024,Q3,7,July,Friday,No,Afternoon,14:00,22:00,1.178
2024-07-12,2024,Q3,7,July,Friday,No,Night,22:00,06:00,1.178
2024-07-13,2024,Q3,7,July,Saturday,Yes,Morning,06:00,14:00,1.178
2024-07-13,2024,Q3,7,July,Saturday,Yes,Afternoon,14:00,22:00,1.178
2024-07-13,2024,Q3,7,July,Saturday,Yes,Night,22:00,06:00,1.178
2024-07-14,2024,Q3,7,July,Sunday,Yes,Morning,06:00,14:00,0.53
2024-07-14,2024,Q3,7,July,Sunday,Yes,Afternoon,14:00,22:00,0.53
2024-07-14,2024,Q3,7,July,Sunday,Yes,Night,22:00,06:00,0.53
2024-07-15,2024,Q3,7,July,Monday,No,Morning,06:00,14:00,1.178
2024-07-15,2024,Q3,7,July,Monday,No,Afternoon,14:00,22:00,1.178
2024-07-15,2024,Q3,7,July,Monday,No,Night,22:00,06:00,1.178
2024-07-16,2024,Q3,7,July,Tuesday,No,Morning,06:00,14:00,1.178
2024-07-16,2024,Q3,7,July,Tuesday,No,Afternoon,14:00,22:00,1.178
2024-07-16,2024,Q3,7,July,Tuesday,No,Night,22:00,06:00,1.178
2024-07-17,2024,Q3,7,July,Wednesday,No,Morning,06:00,14:00,1.178
2024-07-17,2024,Q3,7,July,Wednesday,No,Afternoon,14:00,22:00,1.178
2024-07-17,2024,Q3,7,July,Wednesday,No,Night,22:00,06:00,1.178
2024-07-18,2024,Q3,7,July,Thursday,No,Morning,06:00,14:00,1.178
2024-07-18,2024,Q3,7,July,Thursday,No,Afternoon,14:00,22:00,1.178
2024-07-18,2024,Q3,7,July,Thursday,No,Night,22:00,06:00,1.178
2024-07-19,2024,Q3,7,July,Friday,No,Morning,06:00,14:00,1.178
2024-07-19,2024,Q3,7,July,Friday,No,Afternoon,14:00,22:00,1.178
2024-07-19,2024,Q3,7,July,Friday,No,Night,22:00,06:00,1.178
2024-07-20,2024,Q3,7,July,Saturday,Yes,Morning,06:00,14:00,1.179
2024-07-20,2024,Q3,7,July,Saturday,Yes,Afternoon,14:00,22:00,1.179
2024-07-20,2024,Q3,7,July,Saturday,Yes,Night,22:00,06:00,1.179
2024-07-21,2024,Q3,7,July,Sunday,Yes,Morning,06:00,14:00,0.53
2024-07-21,2024,Q3,7,July,Sunday,Yes,Afternoon,14:00,22:00,0.53
2024-07-21,2024,Q3,7,July,Sunday,Yes,Night,22:00,06:00,0.53
2024-07-22,2024,Q3,7,July,Monday,No,Morning,06:00,14:00,1.179
2024-07-22,2024,Q3,7,July,Monday,No,Afternoon,14:00,22:00,1.179
2024-07-22,2024,Q3,7,July,Monday,No,Night,22:00,06:00,1.179
2024-07-23,2024,Q3,7,July,Tuesday,No,Morning,06:00,14:00,1.179
2024-07-23,2024,Q3,7,July,Tuesday,No,Afternoon,14:00,22:00,1.179
2024-07-23,2024,Q3,7,July,Tuesday,No,Night,22:00,06:00,1.179
2024-07-24,2024,Q3,7,July,Wednesday,No,Morning,06:00,14:00,1.179
2024-07-24,2024,Q3,7,July,Wednesday,No,Afternoon,14:00,22:00,1.179
2024-07-24,2024,Q3,7,July,Wednesday,No,Night,22:00,06:00,1.179
2024-07-25,2024,Q3,7,July,Thursday,No,Morning,06:00,14:00,1.179
2024-07-25,2024,Q3,7,July,Thursday,No,Afternoon,14:00,22:00,1.179
2024-07-25,2024,Q3,7,July,Thursday,No,Night,22:00,06:00,1.179
2024-07-26,2024,Q3,7,July,Friday,No,Morning,06:00,14:00,1.179
2024-07-26,2024,Q3,7,July,Friday,No,Afternoon,14:00,22:00,1.179
2024-07-26,2024,Q3,7,July,Friday,No,Night,22:00,06:00,1.179
2024-07-27,2024,Q3,7,July,Saturday,Yes,Morning,06:00,14:00,1.18
2024-07-27,2024,Q3,7,July,Saturday,Yes,Afternoon,14:00,22:00,1.18
2024-07-27,2024,Q3,7,July,Saturday,Yes,Night,22:00,06:00,1.18
2024-07-28,2024,Q3,7,July,Sunday,Yes,Morning,06:00,14:00,0.531
2024-07-28,2024,Q3,7,July,Sunday,Yes,Afternoon,14:00,22:00,0.531
2024-07-28,2024,Q3,7,July,Sunday,Yes,Night,22:00,06:00,0.531
2024-07-29,2024,Q3,7,July,Monday,No,Morning,06:00,14:00,1.18
2024-07-29,2024,Q3,7,July,Monday,No,Afternoon,14:00,22:00,1.18
2024-07-29,2024,Q3,7,July,Monday,No,Night,22:00,06:00,1.18
2024-07-30,2024,Q3,7,July,Tuesday,No,Morning,06:00,14:00,1.18
2024-07-30,2024,Q3,7,July,Tuesday,No,Afternoon,14:00,22:00,1.18
2024-07-30,2024,Q3,7,July,Tuesday,No,Night,22:00,06:00,1.18
2024-07-31,2024,Q3,7,July,Wednesday,No,Morning,06:00,14:00,1.18
2024-07-31,2024,Q3,7,July,Wednesday,No,Afternoon,14:00,22:00,1.18
2024-07-31,2024,Q3,7,July,Wednesday,No,Night,22:00,06:00,1.18
2024-08-01,2024,Q3,8,August,Thursday,No,Morning,06:00,14:00,1.488
2024-08-01,2024,Q3,8,August,Thursday,No,Afternoon,14:00,22:00,1.488
2024-08-01,2024,Q3,8,August,Thursday,No,Night,22:00,06:00,1.488
2024-08-02,2024,Q3,8,August,Friday,No,Morning,06:00,14:00,1.488
2024-08-02,2024,Q3,8,August,Friday,No,Afternoon,14:00,22:00,1.488
2024-08-02,2024,Q3,8,August,Friday,No,Night,22:00,06:00,1.488
2024-08-03,2024,Q3,8,August,Saturday,Yes,Morning,06:00,14:00,1.489
2024-08-03,2024,Q3,8,August,Saturday,Yes,Afternoon,14:00,22:00,1.489
2024-08-03,2024,Q3,8,August,Saturday,Yes,Night,22:00,06:00,1.489
2024-08-04,2024,Q3,8,August,Sunday,Yes,Morning,06:00,14:00,0.67
2024-08-04,2024,Q3,8,August,Sunday,Yes,Afternoon,14:00,22:00,0.67
2024-08-04,2024,Q3,8,August,Sunday,Yes,Night,22:00,06:00,0.67
2024-08-05,2024,Q3,8,August,Monday,No,Morning,06:00,14:00,1.489
2024-08-05,2024,Q3,8,August,Monday,No,Afternoon,14:00,22:00,1.489
2024-08-05,2024,Q3,8,August,Monday,No,Night,22:00,06:00,1.489
2024-08-06,2024,Q3,8,August,Tuesday,No,Morning,06:00,14:00,1.489
2024-08-06,2024,Q3,8,August,Tuesday,No,Afternoon,14:00,22:00,1.489
2024-08-06,2024,Q3,8,August,Tuesday,No,Night,22:00,06:00,1.489
2024-08-07,2024,Q3,8,August,Wednesday,No,Morning,06:00,14:00,1.489
2024-08-07,2024,Q3,8,August,Wednesday,No,Afternoon,14:00,22:00,1.489
2024-08-07,2024,Q3,8,August,Wednesday,No,Night,22:00,06:00,1.489
2024-08-08,2024,Q3,8,August,Thursday,No,Morning,06:00,14:00,1.49
2024-08-08,2024,Q3,8,August,Thursday,No,Afternoon,14:00,22:00,1.49
2024-08-08,2024,Q3,8,August,Thursday,No,Night,22:00,06:00,1.49
2024-08-09,2024,Q3,8,August,Friday,No,Morning,06:00,14:00,1.49
2024-08-09,2024,Q3,8,August,Friday,No,Afternoon,14:00,22:00,1.49
2024-08-09,2024,Q3,8,August,Friday,No,Night,22:00,06:00,1.49
2024-08-10,2024,Q3,8,August,Saturday,Yes,Morning,06:00,14:00,1.49
2024-08-10,2024,Q3,8,August,Saturday,Yes,Afternoon,14:00,22:00,1.49
2024-08-10,2024,Q3,8,August,Saturday,Yes,Night,22:00,06:00,1.49
2024-08-11,2024,Q3,8,August,Sunday,Yes,Morning,06:00,14:00,0.671
2024-08-11,2024,Q3,8,August,Sunday,Yes,Afternoon,14:00,22:00,0.671
2024-08-11,2024,Q3,8,August,Sunday,Yes,Night,22:00,06:00,0.671
2024-08-12,2024,Q3,8,August,Monday,No,Morning,06:00,14:00,1.49
2024-08-12,2024,Q3,8,August,Monday,No,Afternoon,14:00,22:00,1.49
2024-08-12,2024,Q3,8,August,Monday,No,Night,22:00,06:00,1.49
2024-08-13,2024,Q3,8,August,Tuesday,No,Morning,06:00,14:00,1.49
2024-08-13,2024,Q3,8,August,Tuesday,No,Afternoon,14:00,22:00,1.49
2024-08-13,2024,Q3,8,August,Tuesday,No,Night,22:00,06:00,1.49
2024-08-14,2024,Q3,8,August,Wednesday,No,Morning,06:00,14:00,1.491
2024-08-14,2024,Q3,8,August,Wednesday,No,Afternoon,14:00,22:00,1.491
2024-08-14,2024,Q3,8,August,Wednesday,No,Night,22:00,06:00,1.491
2024-08-15,2024,Q3,8,August,Thursday,No,Morning,06:00,14:00,1.491
2024-08-15,2024,Q3,8,August,Thursday,No,Afternoon,14:00,22:00,1.491
2024-08-15,2024,Q3,8,August,Thursday,No,Night,22:00,06:00,1.491
2024-08-16,2024,Q3,8,August,Friday,No,Morning,06:00,14:00,1.491
2024-08-16,2024,Q3,8,August,Friday,No,Afternoon,14:00,22:00,1.491
2024-08-16,2024,Q3,8,August,Friday,No,Night,22:00,06:00,1.491
2024-08-17,2024,Q3,8,August,Saturday,Yes,Morning,06:00,14:00,1.491
2024-08-17,2024,Q3,8,August,Saturday,Yes,Afternoon,14:00,22:00,1.491
2024-08-17,2024,Q3,8,August,Saturday,Yes,Night,22:00,06:00,1.491
2024-08-18,2024,Q3,8,August,Sunday,Yes,Morning,06:00,14:00,0.671
2024-08-18,2024,Q3,8,August,Sunday,Yes,Afternoon,14:00,22:00,0.671
2024-08-18,2024,Q3,8,August,Sunday,Yes,Night,22:00,06:00,0.671
2024-08-19,2024,Q3,8,August,Monday,No,Morning,06:00,14:00,1.491
2024-08-19,2024,Q3,8,August,Monday,No,Afternoon,14:00,22:00,1.491
2024-08-19,2024,Q3,8,August,Monday,No,Night,22:00,06:00,1.491
2024-08-20,2024,Q3,8,August,Tuesday,No,Morning,06:00,14:00,1.492
2024-08-20,2024,Q3,8,August,Tuesday,No,Afternoon,14:00,22:00,1.492
2024-08-20,2024,Q3,8,August,Tuesday,No,Night,22:00,06:00,1.492
2024-08-21,2024,Q3,8,August,Wednesday,No,Morning,06:00,14:00,1.492
2024-08-21,2024,Q3,8,August,Wednesday,No,Afternoon,14:00,22:00,1.492
2024-08-21,2024,Q3,8,August,Wednesday,No,Night,22:00,06:00,1.492
2024-08-22,2024,Q3,8,August,Thursday,No,Morning,06:00,14:00,1.492
2024-08-22,2024,Q3,8,August,Thursday,No,Afternoon,14:00,22:00,1.492
2024-08-22,2024,Q3,8,August,Thursday,No,Night,22:00,06:00,1.492
2024-08-23,2024,Q3,8,August,Friday,No,Morning,06:00,14:00,1.492
2024-08-23,2024,Q3,8,August,Friday,No,Afternoon,14:00,22:00,1.492
2024-08-23,2024,Q3,8,August,Friday,No,Night,22:00,06:00,1.492
2024-08-24,2024,Q3,8,August,Saturday,Yes,Morning,06:00,14:00,1.492
2024-08-24,2024,Q3,8,August,Saturday,Yes,Afternoon,14:00,22:00,1.492
2024-08-24,2024,Q3,8,August,Saturday,Yes,Night,22:00,06:00,1.492
2024-08-25,2024,Q3,8,August,Sunday,Yes,Morning,06:00,14:00,0.672
2024-08-25,2024,Q3,8,August,Sunday,Yes,Afternoon,14:00,22:00,0.672
2024-08-25,2024,Q3,8,August,Sunday,Yes,Night,22:00,06:00,0.672
2024-08-26,2024,Q3,8,August,Monday,No,Morning,06:00,14:00,1.493
2024-08-26,2024,Q3,8,August,Monday,No,Afternoon,14:00,22:00,1.493
2024-08-26,2024,Q3,8,August,Monday,No,Night,22:00,06:00,1.493
2024-08-27,2024,Q3,8,August,Tuesday,No,Morning,06:00,14:00,1.493
2024-08-27,2024,Q3,8,August,Tuesday,No,Afternoon,14:00,22:00,1.493
2024-08-27,2024,Q3,8,August,Tuesday,No,Night,22:00,06:00,1.493
2024-08-28,2024,Q3,8,August,Wednesday,No,Morning,06:00,14:00,1.493
2024-08-28,2024,Q3,8,August,Wednesday,No,Afternoon,14:00,22:00,1.493
2024-08-28,2024,Q3,8,August,Wednesday,No,Night,22:00,06:00,1.493
2024-08-29,2024,Q3,8,August,Thursday,No,Morning,06:00,14:00,1.493
2024-08-29,2024,Q3,8,August,Thursday,No,Afternoon,14:00,22:00,1.493
2024-08-29,2024,Q3,8,August,Thursday,No,Night,22:00,06:00,1.493
2024-08-30,2024,Q3,8,August,Friday,No,Morning,06:00,14:00,1.493
2024-08-30,2024,Q3,8,August,Friday,No,Afternoon,14:00,22:00,1.493
2024-08-30,2024,Q3,8,August,Friday,No,Night,22:00,06:00,1.493
2024-08-31,2024,Q3,8,August,Saturday,Yes,Morning,06:00,14:00,1.494
2024-08-31,2024,Q3,8,August,Saturday,Yes,Afternoon,14:00,22:00,1.494
2024-08-31,2024,Q3,8,August,Saturday,Yes,Night,22:00,06:00,1.494
2024-09-01,2024,Q3,9,September,Sunday,Yes,Morning,06:00,14:00,0.719
2024-09-01,2024,Q3,9,September,Sunday,Yes,Afternoon,14:00,22:00,0.719
2024-09-01,2024,Q3,9,September,Sunday,Yes,Night,22:00,06:00,0.719
2024-09-02,2024,Q3,9,September,Monday,No,Morning,06:00,14:00,1.597
2024-09-02,2024,Q3,9,September,Monday,No,Afternoon,14:00,22:00,1.597
2024-09-02,2024,Q3,9,September,Monday,No,Night,22:00,06:00,1.597
2024-09-03,2024,Q3,9,September,Tuesday,No,Morning,06:00,14:00,1.597
2024-09-03,2024,Q3,9,September,Tuesday,No,Afternoon,14:00,22:00,1.597
2024-09-03,2024,Q3,9,September,Tuesday,No,Night,22:00,06:00,1.597
2024-09-04,2024,Q3,9,September,Wednesday,No,Morning,06:00,14:00,1.597
2024-09-04,2024,Q3,9,September,Wednesday,No,Afternoon,14:00,22:00,1.597
2024-09-04,2024,Q3,9,September,Wednesday,No,Night,22:00,06:00,1.597
2024-09-05,2024,Q3,9,September,Thursday,No,Morning,06:00,14:00,1.598
2024-09-05,2024,Q3,9,September,Thursday,No,Afternoon,14:00,22:00,1.598
2024-09-05,2024,Q3,9,September,Thursday,No,Night,22:00,06:00,1.598
2024-09-06,2024,Q3,9,September,Friday,No,Morning,06:00,14:00,1.598
2024-09-06,2024,Q3,9,September,Friday,No,Afternoon,14:00,22:00,1.598
2024-09-06,2024,Q3,9,September,Friday,No,Night,22:00,06:00,1.598
2024-09-07,2024,Q3,9,September,Saturday,Yes,Morning,06:00,14:00,1.598
2024-09-07,2024,Q3,9,September,Saturday,Yes,Afternoon,14:00,22:00,1.598
2024-09-07,2024,Q3,9,September,Saturday,Yes,Night,22:00,06:00,1.598
2024-09-08,2024,Q3,9,September,Sunday,Yes,Morning,06:00,14:00,0.719
2024-09-08,2024,Q3,9,September,Sunday,Yes,Afternoon,14:00,22:00,0.719
2024-09-08,2024,Q3,9,September,Sunday,Yes,Night,22:00,06:00,0.719
2024-09-09,2024,Q3,9,September,Monday,No,Morning,06:00,14:00,1.598
2024-09-09,2024,Q3,9,September,Monday,No,Afternoon,14:00,22:00,1.598
2024-09-09,2024,Q3,9,September,Monday,No,Night,22:00,06:00,1.598
2024-09-10,2024,Q3,9,September,Tuesday,No,Morning,06:00,14:00,1.599
2024-09-10,2024,Q3,9,September,Tuesday,No,Afternoon,14:00,22:00,1.599
2024-09-10,2024,Q3,9,September,Tuesday,No,Night,22:00,06:00,1.599
2024-09-11,2024,Q3,9,September,Wednesday,No,Morning,06:00,14:00,1.599
2024-09-11,2024,Q3,9,September,Wednesday,No,Afternoon,14:00,22:00,1.599
2024-09-11,2024,Q3,9,September,Wednesday,No,Night,22:00,06:00,1.599
2024-09-12,2024,Q3,9,September,Thursday,No,Morning,06:00,14:00,1.599
2024-09-12,2024,Q3,9,September,Thursday,No,Afternoon,14:00,22:00,1.599
2024-09-12,2024,Q3,9,September,Thursday,No,Night,22:00,06:00,1.599
2024-09-13,2024,Q3,9,September,Friday,No,Morning,06:00,14:00,1.599
2024-09-13,2024,Q3,9,September,Friday,No,Afternoon,14:00,22:00,1.599
2024-09-13,2024,Q3,9,September,Friday,No,Night,22:00,06:00,1.599
2024-09-14,2024,Q3,9,September,Saturday,Yes,Morning,06:00,14:00,1.599
2024-09-14,2024,Q3,9,September,Saturday,Yes,Afternoon,14:00,22:00,1.599
2024-09-14,2024,Q3,9,September,Saturday,Yes,Night,22:00,06:00,1.599
2024-09-15,2024,Q3,9,September,Sunday,Yes,Morning,06:00,14:00,0.72
2024-09-15,2024,Q3,9,September,Sunday,Yes,Afternoon,14:00,22:00,0.72
2024-09-15,2024,Q3,9,September,Sunday,Yes,Night,22:00,06:00,0.72
2024-09-16,2024,Q3,9,September,Monday,No,Morning,06:00,14:00,1.6
2024-09-16,2024,Q3,9,September,Monday,No,Afternoon,14:00,22:00,1.6
2024-09-16,2024,Q3,9,September,Monday,No,Night,22:00,06:00,1.6
2024-09-17,2024,Q3,9,September,Tuesday,No,Morning,06:00,14:00,1.6
2024-09-17,2024,Q3,9,September,Tuesday,No,Afternoon,14:00,22:00,1.6
2024-09-17,2024,Q3,9,September,Tuesday,No,Night,22:00,06:00,1.6
2024-09-18,2024,Q3,9,September,Wednesday,No,Morning,06:00,14:00,1.6
2024-09-18,2024,Q3,9,September,Wednesday,No,Afternoon,14:00,22:00,1.6
2024-09-18,2024,Q3,9,September,Wednesday,No,Night,22:00,06:00,1.6
2024-09-19,2024,Q3,9,September,Thursday,No,Morning,06:00,14:00,1.6
2024-09-19,2024,Q3,9,September,Thursday,No,Afternoon,14:00,22:00,1.6
2024-09-19,2024,Q3,9,September,Thursday,No,Night,22:00,06:00,1.6
2024-09-20,2024,Q3,9,September,Friday,No,Morning,06:00,14:00,1.6
2024-09-20,2024,Q3,9,September,Friday,No,Afternoon,14:00,22:00,1.6
2024-09-20,2024,Q3,9,September,Friday,No,Night,22:00,06:00,1.6
2024-09-21,2024,Q3,9,September,Saturday,Yes,Morning,06:00,14:00,1.793
2024-09-21,2024,Q3,9,September,Saturday,Yes,Afternoon,14:00,22:00,1.793
2024-09-21,2024,Q3,9,September,Saturday,Yes,Night,22:00,06:00,1.793
2024-09-22,2024,Q3,9,September,Sunday,Yes,Morning,06:00,14:00,0.807
2024-09-22,2024,Q3,9,September,Sunday,Yes,Afternoon,14:00,22:00,0.807
2024-09-22,2024,Q3,9,September,Sunday,Yes,Night,22:00,06:00,0.807
2024-09-23,2024,Q3,9,September,Monday,No,Morning,06:00,14:00,1.793
2024-09-23,2024,Q3,9,September,Monday,No,Afternoon,14:00,22:00,1.793
2024-09-23,2024,Q3,9,September,Monday,No,Night,22:00,06:00,1.793
2024-09-24,2024,Q3,9,September,Tuesday,No,Morning,06:00,14:00,1.793
2024-09-24,2024,Q3,9,September,Tuesday,No,Afternoon,14:00,22:00,1.793
2024-09-24,2024,Q3,9,September,Tuesday,No,Night,22:00,06:00,1.793
2024-09-25,2024,Q3,9,September,Wednesday,No,Morning,06:00,14:00,1.794
2024-09-25,2024,Q3,9,September,Wednesday,No,Afternoon,14:00,22:00,1.794
2024-09-25,2024,Q3,9,September,Wednesday,No,Night,22:00,06:00,1.794
2024-09-26,2024,Q3,9,September,Thursday,No,Morning,06:00,14:00,1.794
2024-09-26,2024,Q3,9,September,Thursday,No,Afternoon,14:00,22:00,1.794
2024-09-26,2024,Q3,9,September,Thursday,No,Night,22:00,06:00,1.794
2024-09-27,2024,Q3,9,September,Friday,No,Morning,06:00,14:00,1.794
2024-09-27,2024,Q3,9,September,Friday,No,Afternoon,14:00,22:00,1.794
2024-09-27,2024,Q3,9,September,Friday,No,Night,22:00,06:00,1.794
2024-09-28,2024,Q3,9,September,Saturday,Yes,Morning,06:00,14:00,1.794
2024-09-28,2024,Q3,9,September,Saturday,Yes,Afternoon,14:00,22:00,1.794
2024-09-28,2024,Q3,9,September,Saturday,Yes,Night,22:00,06:00,1.794
2024-09-29,2024,Q3,9,September,Sunday,Yes,Morning,06:00,14:00,0.807
2024-09-29,2024,Q3,9,September,Sunday,Yes,Afternoon,14:00,22:00,0.807
2024-09-29,2024,Q3,9,September,Sunday,Yes,Night,22:00,06:00,0.807
2024-09-30,2024,Q3,9,September,Monday,No,Morning,06:00,14:00,1.795
2024-09-30,2024,Q3,9,September,Monday,No,Afternoon,14:00,22:00,1.795
2024-09-30,2024,Q3,9,September,Monday,No,Night,22:00,06:00,1.795
2024-10-01,2024,Q4,10,October,Tuesday,No,Morning,06:00,14:00,1.621
2024-10-01,2024,Q4,10,October,Tuesday,No,Afternoon,14:00,22:00,1.621
2024-10-01,2024,Q4,10,October,Tuesday,No,Night,22:00,06:00,1.621
2024-10-02,2024,Q4,10,October,Wednesday,No,Morning,06:00,14:00,1.621
2024-10-02,2024,Q4,10,October,Wednesday,No,Afternoon,14:00,22:00,1.621
2024-10-02,2024,Q4,10,October,Wednesday,No,Night,22:00,06:00,1.621
2024-10-03,2024,Q4,10,October,Thursday,No,Morning,06:00,14:00,1.622
2024-10-03,2024,Q4,10,October,Thursday,No,Afternoon,14:00,22:00,1.622
2024-10-03,2024,Q4,10,October,Thursday,No,Night,22:00,06:00,1.622
2024-10-04,2024,Q4,10,October,Friday,No,Morning,06:00,14:00,1.622
2024-10-04,2024,Q4,10,October,Friday,No,Afternoon,14:00,22:00,1.622
2024-10-04,2024,Q4,10,October,Friday,No,Night,22:00,06:00,1.622
2024-10-05,2024,Q4,10,October,Saturday,Yes,Morning,06:00,14:00,1.622
2024-10-05,2024,Q4,10,October,Saturday,Yes,Afternoon,14:00,22:00,1.622
2024-10-05,2024,Q4,10,October,Saturday,Yes,Night,22:00,06:00,1.622
2024-10-06,2024,Q4,10,October,Sunday,Yes,Morning,06:00,14:00,0.73
2024-10-06,2024,Q4,10,October,Sunday,Yes,Afternoon,14:00,22:00,0.73
2024-10-06,2024,Q4,10,October,Sunday,Yes,Night,22:00,06:00,0.73
2024-10-07,2024,Q4,10,October,Monday,No,Morning,06:00,14:00,1.622
2024-10-07,2024,Q4,10,October,Monday,No,Afternoon,14:00,22:00,1.622
2024-10-07,2024,Q4,10,October,Monday,No,Night,22:00,06:00,1.622
2024-10-08,2024,Q4,10,October,Tuesday,No,Morning,06:00,14:00,1.623
2024-10-08,2024,Q4,10,October,Tuesday,No,Afternoon,14:00,22:00,1.623
2024-10-08,2024,Q4,10,October,Tuesday,No,Night,22:00,06:00,1.623
2024-10-09,2024,Q4,10,October,Wednesday,No,Morning,06:00,14:00,1.623
2024-10-09,2024,Q4,10,October,Wednesday,No,Afternoon,14:00,22:00,1.623
2024-10-09,2024,Q4,10,October,Wednesday,No,Night,22:00,06:00,1.623
2024-10-10,2024,Q4,10,October,Thursday,No,Morning,06:00,14:00,1.623
2024-10-10,2024,Q4,10,October,Thursday,No,Afternoon,14:00,22:00,1.623
2024-10-10,2024,Q4,10,October,Thursday,No,Night,22:00,06:00,1.623
2024-10-11,2024,Q4,10,October,Friday,No,Morning,06:00,14:00,1.623
2024-10-11,2024,Q4,10,October,Friday,No,Afternoon,14:00,22:00,1.623
2024-10-11,2024,Q4,10,October,Friday,No,Night,22:00,06:00,1.623
2024-10-12,2024,Q4,10,October,Saturday,Yes,Morning,06:00,14:00,1.623
2024-10-12,2024,Q4,10,October,Saturday,Yes,Afternoon,14:00,22:00,1.623
2024-10-12,2024,Q4,10,October,Saturday,Yes,Night,22:00,06:00,1.623
2024-10-13,2024,Q4,10,October,Sunday,Yes,Morning,06:00,14:00,0.731
2024-10-13,2024,Q4,10,October,Sunday,Yes,Afternoon,14:00,22:00,0.731
2024-10-13,2024,Q4,10,October,Sunday,Yes,Night,22:00,06:00,0.731
2024-10-14,2024,Q4,10,October,Monday,No,Morning,06:00,14:00,1.624
2024-10-14,2024,Q4,10,October,Monday,No,Afternoon,14:00,22:00,1.624
2024-10-14,2024,Q4,10,October,Monday,No,Night,22:00,06:00,1.624
2024-10-15,2024,Q4,10,October,Tuesday,No,Morning,06:00,14:00,1.624
2024-10-15,2024,Q4,10,October,Tuesday,No,Afternoon,14:00,22:00,1.624
2024-10-15,2024,Q4,10,October,Tuesday,No,Night,22:00,06:00,1.624
2024-10-16,2024,Q4,10,October,Wednesday,No,Morning,06:00,14:00,1.624
2024-10-16,2024,Q4,10,October,Wednesday,No,Afternoon,14:00,22:00,1.624
2024-10-16,2024,Q4,10,October,Wednesday,No,Night,22:00,06:00,1.624
2024-10-17,2024,Q4,10,October,Thursday,No,Morning,06:00,14:00,1.624
2024-10-17,2024,Q4,10,October,Thursday,No,Afternoon,14:00,22:00,1.624
2024-10-17,2024,Q4,10,October,Thursday,No,Night,22:00,06:00,1.624
2024-10-18,2024,Q4,10,October,Friday,No,Morning,06:00,14:00,1.624
2024-10-18,2024,Q4,10,October,Friday,No,Afternoon,14:00,22:00,1.624
2024-10-18,2024,Q4,10,October,Friday,No,Night,22:00,06:00,1.624
2024-10-19,2024,Q4,10,October,Saturday,Yes,Morning,06:00,14:00,1.625
2024-10-19,2024,Q4,10,October,Saturday,Yes,Afternoon,14:00,22:00,1.625
2024-10-19,2024,Q4,10,October,Saturday,Yes,Night,22:00,06:00,1.625
2024-10-20,2024,Q4,10,October,Sunday,Yes,Morning,06:00,14:00,0.731
2024-10-20,2024,Q4,10,October,Sunday,Yes,Afternoon,14:00,22:00,0.731
2024-10-20,2024,Q4,10,October,Sunday,Yes,Night,22:00,06:00,0.731
2024-10-21,2024,Q4,10,October,Monday,No,Morning,06:00,14:00,1.625
2024-10-21,2024,Q4,10,October,Monday,No,Afternoon,14:00,22:00,1.625
2024-10-21,2024,Q4,10,October,Monday,No,Night,22:00,06:00,1.625
2024-10-22,2024,Q4,10,October,Tuesday,No,Morning,06:00,14:00,1.625
2024-10-22,2024,Q4,10,October,Tuesday,No,Afternoon,14:00,22:00,1.625
2024-10-22,2024,Q4,10,October,Tuesday,No,Night,22:00,06:00,1.625
2024-10-23,2024,Q4,10,October,Wednesday,No,Morning,06:00,14:00,1.625
2024-10-23,2024,Q4,10,October,Wednesday,No,Afternoon,14:00,22:00,1.625
2024-10-23,2024,Q4,10,October,Wednesday,No,Night,22:00,06:00,1.625
2024-10-24,2024,Q4,10,October,Thursday,No,Morning,06:00,14:00,1.626
2024-10-24,2024,Q4,10,October,Thursday,No,Afternoon,14:00,22:00,1.626
2024-10-24,2024,Q4,10,October,Thursday,No,Night,22:00,06:00,1.626
2024-10-25,2024,Q4,10,October,Friday,No,Morning,06:00,14:00,1.626
2024-10-25,2024,Q4,10,October,Friday,No,Afternoon,14:00,22:00,1.626
2024-10-25,2024,Q4,10,October,Friday,No,Night,22:00,06:00,1.626
2024-10-26,2024,Q4,10,October,Saturday,Yes,Morning,06:00,14:00,1.626
2024-10-26,2024,Q4,10,October,Saturday,Yes,Afternoon,14:00,22:00,1.626
2024-10-26,2024,Q4,10,October,Saturday,Yes,Night,22:00,06:00,1.626
2024-10-27,2024,Q4,10,October,Sunday,Yes,Morning,06:00,14:00,0.732
2024-10-27,2024,Q4,10,October,Sunday,Yes,Afternoon,14:00,22:00,0.732
2024-10-27,2024,Q4,10,October,Sunday,Yes,Night,22:00,06:00,0.732
2024-10-28,2024,Q4,10,October,Monday,No,Morning,06:00,14:00,1.626
2024-10-28,2024,Q4,10,October,Monday,No,Afternoon,14:00,22:00,1.626
2024-10-28,2024,Q4,10,October,Monday,No,Night,22:00,06:00,1.626
2024-10-29,2024,Q4,10,October,Tuesday,No,Morning,06:00,14:00,1.627
2024-10-29,2024,Q4,10,October,Tuesday,No,Afternoon,14:00,22:00,1.627
2024-10-29,2024,Q4,10,October,Tuesday,No,Night,22:00,06:00,1.627
2024-10-30,2024,Q4,10,October,Wednesday,No,Morning,06:00,14:00,1.627
2024-10-30,2024,Q4,10,October,Wednesday,No,Afternoon,14:00,22:00,1.627
2024-10-30,2024,Q4,10,October,Wednesday,No,Night,22:00,06:00,1.627
2024-10-31,2024,Q4,10,October,Thursday,No,Morning,06:00,14:00,1.627
2024-10-31,2024,Q4,10,October,Thursday,No,Afternoon,14:00,22:00,1.627
2024-10-31,2024,Q4,10,October,Thursday,No,Night,22:00,06:00,1.627
2024-11-01,2024,Q4,11,November,Friday,No,Morning,06:00,14:00,1.141
2024-11-01,2024,Q4,11,November,Friday,No,Afternoon,14:00,22:00,1.141
2024-11-01,2024,Q4,11,November,Friday,No,Night,22:00,06:00,1.141
2024-11-02,2024,Q4,11,November,Saturday,Yes,Morning,06:00,14:00,1.142
2024-11-02,2024,Q4,11,November,Saturday,Yes,Afternoon,14:00,22:00,1.142
2024-11-02,2024,Q4,11,November,Saturday,Yes,Night,22:00,06:00,1.142
2024-11-03,2024,Q4,11,November,Sunday,Yes,Morning,06:00,14:00,0.514
2024-11-03,2024,Q4,11,November,Sunday,Yes,Afternoon,14:00,22:00,0.514
2024-11-03,2024,Q4,11,November,Sunday,Yes,Night,22:00,06:00,0.514
2024-11-04,2024,Q4,11,November,Monday,No,Morning,06:00,14:00,1.142
2024-11-04,2024,Q4,11,November,Monday,No,Afternoon,14:00,22:00,1.142
2024-11-04,2024,Q4,11,November,Monday,No,Night,22:00,06:00,1.142
2024-11-05,2024,Q4,11,November,Tuesday,No,Morning,06:00,14:00,1.142
2024-11-05,2024,Q4,11,November,Tuesday,No,Afternoon,14:00,22:00,1.142
2024-11-05,2024,Q4,11,November,Tuesday,No,Night,22:00,06:00,1.142
2024-11-06,2024,Q4,11,November,Wednesday,No,Morning,06:00,14:00,1.142
2024-11-06,2024,Q4,11,November,Wednesday,No,Afternoon,14:00,22:00,1.142
2024-11-06,2024,Q4,11,November,Wednesday,No,Night,22:00,06:00,1.142
2024-11-07,2024,Q4,11,November,Thursday,No,Morning,06:00,14:00,1.142
2024-11-07,2024,Q4,11,November,Thursday,No,Afternoon,14:00,22:00,1.142
2024-11-07,2024,Q4,11,November,Thursday,No,Night,22:00,06:00,1.142
2024-11-08,2024,Q4,11,November,Friday,No,Morning,06:00,14:00,1.142
2024-11-08,2024,Q4,11,November,Friday,No,Afternoon,14:00,22:00,1.142
2024-11-08,2024,Q4,11,November,Friday,No,Night,22:00,06:00,1.142
2024-11-09,2024,Q4,11,November,Saturday,Yes,Morning,06:00,14:00,1.143
2024-11-09,2024,Q4,11,November,Saturday,Yes,Afternoon,14:00,22:00,1.143
2024-11-09,2024,Q4,11,November,Saturday,Yes,Night,22:00,06:00,1.143
2024-11-10,2024,Q4,11,November,Sunday,Yes,Morning,06:00,14:00,0.514
2024-11-10,2024,Q4,11,November,Sunday,Yes,Afternoon,14:00,22:00,0.514
2024-11-10,2024,Q4,11,November,Sunday,Yes,Night,22:00,06:00,0.514
2024-11-11,2024,Q4,11,November,Monday,No,Morning,06:00,14:00,1.143
2024-11-11,2024,Q4,11,November,Monday,No,Afternoon,14:00,22:00,1.143
2024-11-11,2024,Q4,11,November,Monday,No,Night,22:00,06:00,1.143
2024-11-12,2024,Q4,11,November,Tuesday,No,Morning,06:00,14:00,1.143
2024-11-12,2024,Q4,11,November,Tuesday,No,Afternoon,14:00,22:00,1.143
2024-11-12,2024,Q4,11,November,Tuesday,No,Night,22:00,06:00,1.143
2024-11-13,2024,Q4,11,November,Wednesday,No,Morning,06:00,14:00,1.143
2024-11-13,2024,Q4,11,November,Wednesday,No,Afternoon,14:00,22:00,1.143
2024-11-13,2024,Q4,11,November,Wednesday,No,Night,22:00,06:00,1.143
2024-11-14,2024,Q4,11,November,Thursday,No,Morning,06:00,14:00,1.143
2024-11-14,2024,Q4,11,November,Thursday,No,Afternoon,14:00,22:00,1.143
2024-11-14,2024,Q4,11,November,Thursday,No,Night,22:00,06:00,1.143
2024-11-15,2024,Q4,11,November,Friday,No,Morning,06:00,14:00,1.143
2024-11-15,2024,Q4,11,November,Friday,No,Afternoon,14:00,22:00,1.143
2024-11-15,2024,Q4,11,November,Friday,No,Night,22:00,06:00,1.143
2024-11-16,2024,Q4,11,November,Saturday,Yes,Morning,06:00,14:00,1.144
2024-11-16,2024,Q4,11,November,Saturday,Yes,Afternoon,14:00,22:00,1.144
2024-11-16,2024,Q4,11,November,Saturday,Yes,Night,22:00,06:00,1.144
2024-11-17,2024,Q4,11,November,Sunday,Yes,Morning,06:00,14:00,0.515
2024-11-17,2024,Q4,11,November,Sunday,Yes,Afternoon,14:00,22:00,0.515
2024-11-17,2024,Q4,11,November,Sunday,Yes,Night,22:00,06:00,0.515
2024-11-18,2024,Q4,11,November,Monday,No,Morning,06:00,14:00,1.144
2024-11-18,2024,Q4,11,November,Monday,No,Afternoon,14:00,22:00,1.144
2024-11-18,2024,Q4,11,November,Monday,No,Night,22:00,06:00,1.144
2024-11-19,2024,Q4,11,November,Tuesday,No,Morning,06:00,14:00,1.144
2024-11-19,2024,Q4,11,November,Tuesday,No,Afternoon,14:00,22:00,1.144
2024-11-19,2024,Q4,11,November,Tuesday,No,Night,22:00,06:00,1.144
2024-11-20,2024,Q4,11,November,Wednesday,No,Morning,06:00,14:00,1.144
2024-11-20,2024,Q4,11,November,Wednesday,No,Afternoon,14:00,22:00,1.144
2024-11-20,2024,Q4,11,November,Wednesday,No,Night,22:00,06:00,1.144
2024-11-21,2024,Q4,11,November,Thursday,No,Morning,06:00,14:00,1.144
2024-11-21,2024,Q4,11,November,Thursday,No,Afternoon,14:00,22:00,1.144
2024-11-21,2024,Q4,11,November,Thursday,No,Night,22:00,06:00,1.144
2024-11-22,2024,Q4,11,November,Friday,No,Morning,06:00,14:00,1.144
2024-11-22,2024,Q4,11,November,Friday,No,Afternoon,14:00,22:00,1.144
2024-11-22,2024,Q4,11,November,Friday,No,Night,22:00,06:00,1.144
2024-11-23,2024,Q4,11,November,Saturday,Yes,Morning,06:00,14:00,1.144
2024-11-23,2024,Q4,11,November,Saturday,Yes,Afternoon,14:00,22:00,1.144
2024-11-23,2024,Q4,11,November,Saturday,Yes,Night,22:00,06:00,1.144
2024-11-24,2024,Q4,11,November,Sunday,Yes,Morning,06:00,14:00,0.515
2024-11-24,2024,Q4,11,November,Sunday,Yes,Afternoon,14:00,22:00,0.515
2024-11-24,2024,Q4,11,November,Sunday,Yes,Night,22:00,06:00,0.515
2024-11-25,2024,Q4,11,November,Monday,No,Morning,06:00,14:00,1.145
2024-11-25,2024,Q4,11,November,Monday,No,Afternoon,14:00,22:00,1.145
2024-11-25,2024,Q4,11,November,Monday,No,Night,22:00,06:00,1.145
2024-11-26,2024,Q4,11,November,Tuesday,No,Morning,06:00,14:00,1.145
2024-11-26,2024,Q4,11,November,Tuesday,No,Afternoon,14:00,22:00,1.145
2024-11-26,2024,Q4,11,November,Tuesday,No,Night,22:00,06:00,1.145
2024-11-27,2024,Q4,11,November,Wednesday,No,Morning,06:00,14:00,1.145
2024-11-27,2024,Q4,11,November,Wednesday,No,Afternoon,14:00,22:00,1.145
2024-11-27,2024,Q4,11,November,Wednesday,No,Night,22:00,06:00,1.145
2024-11-28,2024,Q4,11,November,Thursday,No,Morning,06:00,14:00,1.145
2024-11-28,2024,Q4,11,November,Thursday,No,Afternoon,14:00,22:00,1.145
2024-11-28,2024,Q4,11,November,Thursday,No,Night,22:00,06:00,1.145
2024-11-29,2024,Q4,11,November,Friday,No,Morning,06:00,14:00,1.145
2024-11-29,2024,Q4,11,November,Friday,No,Afternoon,14:00,22:00,1.145
2024-11-29,2024,Q4,11,November,Friday,No,Night,22:00,06:00,1.145
2024-11-30,2024,Q4,11,November,Saturday,Yes,Morning,06:00,14:00,1.145
2024-11-30,2024,Q4,11,November,Saturday,Yes,Afternoon,14:00,22:00,1.145
2024-11-30,2024,Q4,11,November,Saturday,Yes,Night,22:00,06:00,1.145
2024-12-01,2024,Q4,12,December,Sunday,Yes,Morning,06:00,14:00,0.469
2024-12-01,2024,Q4,12,December,Sunday,Yes,Afternoon,14:00,22:00,0.469
2024-12-01,2024,Q4,12,December,Sunday,Yes,Night,22:00,06:00,0.469
2024-12-02,2024,Q4,12,December,Monday,No,Morning,06:00,14:00,1.042
2024-12-02,2024,Q4,12,December,Monday,No,Afternoon,14:00,22:00,1.042
2024-12-02,2024,Q4,12,December,Monday,No,Night,22:00,06:00,1.042
2024-12-03,2024,Q4,12,December,Tuesday,No,Morning,06:00,14:00,1.042
2024-12-03,2024,Q4,12,December,Tuesday,No,Afternoon,14:00,22:00,1.042
2024-12-03,2024,Q4,12,December,Tuesday,No,Night,22:00,06:00,1.042
2024-12-04,2024,Q4,12,December,Wednesday,No,Morning,06:00,14:00,1.042
2024-12-04,2024,Q4,12,December,Wednesday,No,Afternoon,14:00,22:00,1.042
2024-12-04,2024,Q4,12,December,Wednesday,No,Night,22:00,06:00,1.042
2024-12-05,2024,Q4,12,December,Thursday,No,Morning,06:00,14:00,1.042
2024-12-05,2024,Q4,12,December,Thursday,No,Afternoon,14:00,22:00,1.042
2024-12-05,2024,Q4,12,December,Thursday,No,Night,22:00,06:00,1.042
2024-12-06,2024,Q4,12,December,Friday,No,Morning,06:00,14:00,1.042
2024-12-06,2024,Q4,12,December,Friday,No,Afternoon,14:00,22:00,1.042
2024-12-06,2024,Q4,12,December,Friday,No,Night,22:00,06:00,1.042
2024-12-07,2024,Q4,12,December,Saturday,Yes,Morning,06:00,14:00,1.042
2024-12-07,2024,Q4,12,December,Saturday,Yes,Afternoon,14:00,22:00,1.042
2024-12-07,2024,Q4,12,December,Saturday,Yes,Night,22:00,06:00,1.042
2024-12-08,2024,Q4,12,December,Sunday,Yes,Morning,06:00,14:00,0.469
2024-12-08,2024,Q4,12,December,Sunday,Yes,Afternoon,14:00,22:00,0.469
2024-12-08,2024,Q4,12,December,Sunday,Yes,Night,22:00,06:00,0.469
2024-12-09,2024,Q4,12,December,Monday,No,Morning,06:00,14:00,1.042
2024-12-09,2024,Q4,12,December,Monday,No,Afternoon,14:00,22:00,1.042
2024-12-09,2024,Q4,12,December,Monday,No,Night,22:00,06:00,1.042
2024-12-10,2024,Q4,12,December,Tuesday,No,Morning,06:00,14:00,1.043
2024-12-10,2024,Q4,12,December,Tuesday,No,Afternoon,14:00,22:00,1.043
2024-12-10,2024,Q4,12,December,Tuesday,No,Night,22:00,06:00,1.043
2024-12-11,2024,Q4,12,December,Wednesday,No,Morning,06:00,14:00,1.043
2024-12-11,2024,Q4,12,December,Wednesday,No,Afternoon,14:00,22:00,1.043
2024-12-11,2024,Q4,12,December,Wednesday,No,Night,22:00,06:00,1.043
2024-12-12,2024,Q4,12,December,Thursday,No,Morning,06:00,14:00,1.043
2024-12-12,2024,Q4,12,December,Thursday,No,Afternoon,14:00,22:00,1.043
2024-12-12,2024,Q4,12,December,Thursday,No,Night,22:00,06:00,1.043
2024-12-13,2024,Q4,12,December,Friday,No,Morning,06:00,14:00,1.043
2024-12-13,2024,Q4,12,December,Friday,No,Afternoon,14:00,22:00,1.043
2024-12-13,2024,Q4,12,December,Friday,No,Night,22:00,06:00,1.043
2024-12-14,2024,Q4,12,December,Saturday,Yes,Morning,06:00,14:00,1.043
2024-12-14,2024,Q4,12,December,Saturday,Yes,Afternoon,14:00,22:00,1.043
2024-12-14,2024,Q4,12,December,Saturday,Yes,Night,22:00,06:00,1.043
2024-12-15,2024,Q4,12,December,Sunday,Yes,Morning,06:00,14:00,0.469
2024-12-15,2024,Q4,12,December,Sunday,Yes,Afternoon,14:00,22:00,0.469
2024-12-15,2024,Q4,12,December,Sunday,Yes,Night,22:00,06:00,0.469
2024-12-16,2024,Q4,12,December,Monday,No,Morning,06:00,14:00,1.043
2024-12-16,2024,Q4,12,December,Monday,No,Afternoon,14:00,22:00,1.043
2024-12-16,2024,Q4,12,December,Monday,No,Night,22:00,06:00,1.043
2024-12-17,2024,Q4,12,December,Tuesday,No,Morning,06:00,14:00,1.043
2024-12-17,2024,Q4,12,December,Tuesday,No,Afternoon,14:00,22:00,1.043
2024-12-17,2024,Q4,12,December,Tuesday,No,Night,22:00,06:00,1.043
2024-12-18,2024,Q4,12,December,Wednesday,No,Morning,06:00,14:00,1.044
2024-12-18,2024,Q4,12,December,Wednesday,No,Afternoon,14:00,22:00,1.044
2024-12-18,2024,Q4,12,December,Wednesday,No,Night,22:00,06:00,1.044
2024-12-19,2024,Q4,12,December,Thursday,No,Morning,06:00,14:00,1.044
2024-12-19,2024,Q4,12,December,Thursday,No,Afternoon,14:00,22:00,1.044
2024-12-19,2024,Q4,12,December,Thursday,No,Night,22:00,06:00,1.044
2024-12-20,2024,Q4,12,December,Friday,No,Morning,06:00,14:00,1.044
2024-12-20,2024,Q4,12,December,Friday,No,Afternoon,14:00,22:00,1.044
2024-12-20,2024,Q4,12,December,Friday,No,Night,22:00,06:00,1.044
2024-12-21,2024,Q4,12,December,Saturday,Yes,Morning,06:00,14:00,1.044
2024-12-21,2024,Q4,12,December,Saturday,Yes,Afternoon,14:00,22:00,1.044
2024-12-21,2024,Q4,12,December,Saturday,Yes,Night,22:00,06:00,1.044
2024-12-22,2024,Q4,12,December,Sunday,Yes,Morning,06:00,14:00,0.47
2024-12-22,2024,Q4,12,December,Sunday,Yes,Afternoon,14:00,22:00,0.47
2024-12-22,2024,Q4,12,December,Sunday,Yes,Night,22:00,06:00,0.47
2024-12-23,2024,Q4,12,December,Monday,No,Morning,06:00,14:00,1.044
2024-12-23,2024,Q4,12,December,Monday,No,Afternoon,14:00,22:00,1.044
2024-12-23,2024,Q4,12,December,Monday,No,Night,22:00,06:00,1.044
2024-12-24,2024,Q4,12,December,Tuesday,No,Morning,06:00,14:00,1.044
2024-12-24,2024,Q4,12,December,Tuesday,No,Afternoon,14:00,22:00,1.044
2024-12-24,2024,Q4,12,December,Tuesday,No,Night,22:00,06:00,1.044
2024-12-25,2024,Q4,12,December,Wednesday,No,Morning,06:00,14:00,1.044
2024-12-25,2024,Q4,12,December,Wednesday,No,Afternoon,14:00,22:00,1.044
2024-12-25,2024,Q4,12,December,Wednesday,No,Night,22:00,06:00,1.044
2024-12-26,2024,Q4,12,December,Thursday,No,Morning,06:00,14:00,1.045
2024-12-26,2024,Q4,12,December,Thursday,No,Afternoon,14:00,22:00,1.045
2024-12-26,2024,Q4,12,December,Thursday,No,Night,22:00,06:00,1.045
2024-12-27,2024,Q4,12,December,Friday,No,Morning,06:00,14:00,1.045
2024-12-27,2024,Q4,12,December,Friday,No,Afternoon,14:00,22:00,1.045
2024-12-27,2024,Q4,12,December,Friday,No,Night,22:00,06:00,1.045
2024-12-28,2024,Q4,12,December,Saturday,Yes,Morning,06:00,14:00,1.045
2024-12-28,2024,Q4,12,December,Saturday,Yes,Afternoon,14:00,22:00,1.045
2024-12-28,2024,Q4,12,December,Saturday,Yes,Night,22:00,06:00,1.045
2024-12-29,2024,Q4,12,December,Sunday,Yes,Morning,06:00,14:00,0.47
2024-12-29,2024,Q4,12,December,Sunday,Yes,Afternoon,14:00,22:00,0.47
2024-12-29,2024,Q4,12,December,Sunday,Yes,Night,22:00,06:00,0.47
2024-12-30,2024,Q4,12,December,Monday,No,Morning,06:00,14:00,1.045
2024-12-30,2024,Q4,12,December,Monday,No,Afternoon,14:00,22:00,1.045
2024-12-30,2024,Q4,12,December,Monday,No,Night,22:00,06:00,1.045
2024-12-31,2024,Q4,12,December,Tuesday,No,Morning,06:00,14:00,1.045
2024-12-31,2024,Q4,12,December,Tuesday,No,Afternoon,14:00,22:00,1.045
2024-12-31,2024,Q4,12,December,Tuesday,No,Night,22:00,06:00,1.045
2025-01-01,2025,Q1,1,January,Wednesday,No,Morning,06:00,14:00,0.927
2025-01-01,2025,Q1,1,January,Wednesday,No,Afternoon,14:00,22:00,0.927
2025-01-01,2025,Q1,1,January,Wednesday,No,Night,22:00,06:00,0.927
2025-01-02,2025,Q1,1,January,Thursday,No,Morning,06:00,14:00,0.927
2025-01-02,2025,Q1,1,January,Thursday,No,Afternoon,14:00,22:00,0.927
2025-01-02,2025,Q1,1,January,Thursday,No,Night,22:00,06:00,0.927
2025-01-03,2025,Q1,1,January,Friday,No,Morning,06:00,14:00,0.927
2025-01-03,2025,Q1,1,January,Friday,No,Afternoon,14:00,22:00,0.927
2025-01-03,2025,Q1,1,January,Friday,No,Night,22:00,06:00,0.927
2025-01-04,2025,Q1,1,January,Saturday,Yes,Morning,06:00,14:00,0.927
2025-01-04,2025,Q1,1,January,Saturday,Yes,Afternoon,14:00,22:00,0.927
2025-01-04,2025,Q1,1,January,Saturday,Yes,Night,22:00,06:00,0.927
2025-01-05,2025,Q1,1,January,Sunday,Yes,Morning,06:00,14:00,0.417
2025-01-05,2025,Q1,1,January,Sunday,Yes,Afternoon,14:00,22:00,0.417
2025-01-05,2025,Q1,1,January,Sunday,Yes,Night,22:00,06:00,0.417
2025-01-06,2025,Q1,1,January,Monday,No,Morning,06:00,14:00,0.927
2025-01-06,2025,Q1,1,January,Monday,No,Afternoon,14:00,22:00,0.927
2025-01-06,2025,Q1,1,January,Monday,No,Night,22:00,06:00,0.927
2025-01-07,2025,Q1,1,January,Tuesday,No,Morning,06:00,14:00,0.927
2025-01-07,2025,Q1,1,January,Tuesday,No,Afternoon,14:00,22:00,0.927
2025-01-07,2025,Q1,1,January,Tuesday,No,Night,22:00,06:00,0.927
2025-01-08,2025,Q1,1,January,Wednesday,No,Morning,06:00,14:00,0.927
2025-01-08,2025,Q1,1,January,Wednesday,No,Afternoon,14:00,22:00,0.927
2025-01-08,2025,Q1,1,January,Wednesday,No,Night,22:00,06:00,0.927
2025-01-09,2025,Q1,1,January,Thursday,No,Morning,06:00,14:00,0.927
2025-01-09,2025,Q1,1,January,Thursday,No,Afternoon,14:00,22:00,0.927
2025-01-09,2025,Q1,1,January,Thursday,No,Night,22:00,06:00,0.927
2025-01-10,2025,Q1,1,January,Friday,No,Morning,06:00,14:00,0.928
2025-01-10,2025,Q1,1,January,Friday,No,Afternoon,14:00,22:00,0.928
2025-01-10,2025,Q1,1,January,Friday,No,Night,22:00,06:00,0.928
2025-01-11,2025,Q1,1,January,Saturday,Yes,Morning,06:00,14:00,0.928
2025-01-11,2025,Q1,1,January,Saturday,Yes,Afternoon,14:00,22:00,0.928
2025-01-11,2025,Q1,1,January,Saturday,Yes,Night,22:00,06:00,0.928
2025-01-12,2025,Q1,1,January,Sunday,Yes,Morning,06:00,14:00,0.417
2025-01-12,2025,Q1,1,January,Sunday,Yes,Afternoon,14:00,22:00,0.417
2025-01-12,2025,Q1,1,January,Sunday,Yes,Night,22:00,06:00,0.417
2025-01-13,2025,Q1,1,January,Monday,No,Morning,06:00,14:00,0.51
2025-01-13,2025,Q1,1,January,Monday,No,Afternoon,14:00,22:00,0.51
2025-01-13,2025,Q1,1,January,Monday,No,Night,22:00,06:00,0.51
2025-01-14,2025,Q1,1,January,Tuesday,No,Morning,06:00,14:00,0.51
2025-01-14,2025,Q1,1,January,Tuesday,No,Afternoon,14:00,22:00,0.51
2025-01-14,2025,Q1,1,January,Tuesday,No,Night,22:00,06:00,0.51
2025-01-15,2025,Q1,1,January,Wednesday,No,Morning,06:00,14:00,0.51
2025-01-15,2025,Q1,1,January,Wednesday,No,Afternoon,14:00,22:00,0.51
2025-01-15,2025,Q1,1,January,Wednesday,No,Night,22:00,06:00,0.51
2025-01-16,2025,Q1,1,January,Thursday,No,Morning,06:00,14:00,0.51
2025-01-16,2025,Q1,1,January,Thursday,No,Afternoon,14:00,22:00,0.51
2025-01-16,2025,Q1,1,January,Thursday,No,Night,22:00,06:00,0.51
2025-01-17,2025,Q1,1,January,Friday,No,Morning,06:00,14:00,0.511
2025-01-17,2025,Q1,1,January,Friday,No,Afternoon,14:00,22:00,0.511
2025-01-17,2025,Q1,1,January,Friday,No,Night,22:00,06:00,0.511
2025-01-18,2025,Q1,1,January,Saturday,Yes,Morning,06:00,14:00,0.511
2025-01-18,2025,Q1,1,January,Saturday,Yes,Afternoon,14:00,22:00,0.511
2025-01-18,2025,Q1,1,January,Saturday,Yes,Night,22:00,06:00,0.511
2025-01-19,2025,Q1,1,January,Sunday,Yes,Morning,06:00,14:00,0.418
2025-01-19,2025,Q1,1,January,Sunday,Yes,Afternoon,14:00,22:00,0.418
2025-01-19,2025,Q1,1,January,Sunday,Yes,Night,22:00,06:00,0.418
2025-01-20,2025,Q1,1,January,Monday,No,Morning,06:00,14:00,0.929
2025-01-20,2025,Q1,1,January,Monday,No,Afternoon,14:00,22:00,0.929
2025-01-20,2025,Q1,1,January,Monday,No,Night,22:00,06:00,0.929
2025-01-21,2025,Q1,1,January,Tuesday,No,Morning,06:00,14:00,0.929
2025-01-21,2025,Q1,1,January,Tuesday,No,Afternoon,14:00,22:00,0.929
2025-01-21,2025,Q1,1,January,Tuesday,No,Night,22:00,06:00,0.929
2025-01-22,2025,Q1,1,January,Wednesday,No,Morning,06:00,14:00,0.929
2025-01-22,2025,Q1,1,January,Wednesday,No,Afternoon,14:00,22:00,0.929
2025-01-22,2025,Q1,1,January,Wednesday,No,Night,22:00,06:00,0.929
2025-01-23,2025,Q1,1,January,Thursday,No,Morning,06:00,14:00,0.929
2025-01-23,2025,Q1,1,January,Thursday,No,Afternoon,14:00,22:00,0.929
2025-01-23,2025,Q1,1,January,Thursday,No,Night,22:00,06:00,0.929
2025-01-24,2025,Q1,1,January,Friday,No,Morning,06:00,14:00,0.929
2025-01-24,2025,Q1,1,January,Friday,No,Afternoon,14:00,22:00,0.929
2025-01-24,2025,Q1,1,January,Friday,No,Night,22:00,06:00,0.929
2025-01-25,2025,Q1,1,January,Saturday,Yes,Morning,06:00,14:00,0.929
2025-01-25,2025,Q1,1,January,Saturday,Yes,Afternoon,14:00,22:00,0.929
2025-01-25,2025,Q1,1,January,Saturday,Yes,Night,22:00,06:00,0.929
2025-01-26,2025,Q1,1,January,Sunday,Yes,Morning,06:00,14:00,0.418
2025-01-26,2025,Q1,1,January,Sunday,Yes,Afternoon,14:00,22:00,0.418
2025-01-26,2025,Q1,1,January,Sunday,Yes,Night,22:00,06:00,0.418
2025-01-27,2025,Q1,1,January,Monday,No,Morning,06:00,14:00,0.929
2025-01-27,2025,Q1,1,January,Monday,No,Afternoon,14:00,22:00,0.929
2025-01-27,2025,Q1,1,January,Monday,No,Night,22:00,06:00,0.929
2025-01-28,2025,Q1,1,January,Tuesday,No,Morning,06:00,14:00,0.929
2025-01-28,2025,Q1,1,January,Tuesday,No,Afternoon,14:00,22:00,0.929
2025-01-28,2025,Q1,1,January,Tuesday,No,Night,22:00,06:00,0.929
2025-01-29,2025,Q1,1,January,Wednesday,No,Morning,06:00,14:00,0.93
2025-01-29,2025,Q1,1,January,Wednesday,No,Afternoon,14:00,22:00,0.93
2025-01-29,2025,Q1,1,January,Wednesday,No,Night,22:00,06:00,0.93
2025-01-30,2025,Q1,1,January,Thursday,No,Morning,06:00,14:00,0.93
2025-01-30,2025,Q1,1,January,Thursday,No,Afternoon,14:00,22:00,0.93
2025-01-30,2025,Q1,1,January,Thursday,No,Night,22:00,06:00,0.93
2025-01-31,2025,Q1,1,January,Friday,No,Morning,06:00,14:00,0.93
2025-01-31,2025,Q1,1,January,Friday,No,Afternoon,14:00,22:00,0.93
2025-01-31,2025,Q1,1,January,Friday,No,Night,22:00,06:00,0.93
2025-02-01,2025,Q1,2,February,Saturday,Yes,Morning,06:00,14:00,0.93
2025-02-01,2025,Q1,2,February,Saturday,Yes,Afternoon,14:00,22:00,0.93
2025-02-01,2025,Q1,2,February,Saturday,Yes,Night,22:00,06:00,0.93
2025-02-02,2025,Q1,2,February,Sunday,Yes,Morning,06:00,14:00,0.418
2025-02-02,2025,Q1,2,February,Sunday,Yes,Afternoon,14:00,22:00,0.418
2025-02-02,2025,Q1,2,February,Sunday,Yes,Night,22:00,06:00,0.418
2025-02-03,2025,Q1,2,February,Monday,No,Morning,06:00,14:00,0.93
2025-02-03,2025,Q1,2,February,Monday,No,Afternoon,14:00,22:00,0.93
2025-02-03,2025,Q1,2,February,Monday,No,Night,22:00,06:00,0.93
2025-02-04,2025,Q1,2,February,Tuesday,No,Morning,06:00,14:00,0.93
2025-02-04,2025,Q1,2,February,Tuesday,No,Afternoon,14:00,22:00,0.93
2025-02-04,2025,Q1,2,February,Tuesday,No,Night,22:00,06:00,0.93
2025-02-05,2025,Q1,2,February,Wednesday,No,Morning,06:00,14:00,0.93
2025-02-05,2025,Q1,2,February,Wednesday,No,Afternoon,14:00,22:00,0.93
2025-02-05,2025,Q1,2,February,Wednesday,No,Night,22:00,06:00,0.93
2025-02-06,2025,Q1,2,February,Thursday,No,Morning,06:00,14:00,0.93
2025-02-06,2025,Q1,2,February,Thursday,No,Afternoon,14:00,22:00,0.93
2025-02-06,2025,Q1,2,February,Thursday,No,Night,22:00,06:00,0.93
2025-02-07,2025,Q1,2,February,Friday,No,Morning,06:00,14:00,0.93
2025-02-07,2025,Q1,2,February,Friday,No,Afternoon,14:00,22:00,0.93
2025-02-07,2025,Q1,2,February,Friday,No,Night,22:00,06:00,0.93
2025-02-08,2025,Q1,2,February,Saturday,Yes,Morning,06:00,14:00,0.931
2025-02-08,2025,Q1,2,February,Saturday,Yes,Afternoon,14:00,22:00,0.931
2025-02-08,2025,Q1,2,February,Saturday,Yes,Night,22:00,06:00,0.931
2025-02-09,2025,Q1,2,February,Sunday,Yes,Morning,06:00,14:00,0.419
2025-02-09,2025,Q1,2,February,Sunday,Yes,Afternoon,14:00,22:00,0.419
2025-02-09,2025,Q1,2,February,Sunday,Yes,Night,22:00,06:00,0.419
2025-02-10,2025,Q1,2,February,Monday,No,Morning,06:00,14:00,0.931
2025-02-10,2025,Q1,2,February,Monday,No,Afternoon,14:00,22:00,0.931
2025-02-10,2025,Q1,2,February,Monday,No,Night,22:00,06:00,0.931
2025-02-11,2025,Q1,2,February,Tuesday,No,Morning,06:00,14:00,0.931
2025-02-11,2025,Q1,2,February,Tuesday,No,Afternoon,14:00,22:00,0.931
2025-02-11,2025,Q1,2,February,Tuesday,No,Night,22:00,06:00,0.931
2025-02-12,2025,Q1,2,February,Wednesday,No,Morning,06:00,14:00,0.931
2025-02-12,2025,Q1,2,February,Wednesday,No,Afternoon,14:00,22:00,0.931
2025-02-12,2025,Q1,2,February,Wednesday,No,Night,22:00,06:00,0.931
2025-02-13,2025,Q1,2,February,Thursday,No,Morning,06:00,14:00,0.931
2025-02-13,2025,Q1,2,February,Thursday,No,Afternoon,14:00,22:00,0.931
2025-02-13,2025,Q1,2,February,Thursday,No,Night,22:00,06:00,0.931
2025-02-14,2025,Q1,2,February,Friday,No,Morning,06:00,14:00,0.931
2025-02-14,2025,Q1,2,February,Friday,No,Afternoon,14:00,22:00,0.931
2025-02-14,2025,Q1,2,February,Friday,No,Night,22:00,06:00,0.931
2025-02-15,2025,Q1,2,February,Saturday,Yes,Morning,06:00,14:00,0.931
2025-02-15,2025,Q1,2,February,Saturday,Yes,Afternoon,14:00,22:00,0.931
2025-02-15,2025,Q1,2,February,Saturday,Yes,Night,22:00,06:00,0.931
2025-02-16,2025,Q1,2,February,Sunday,Yes,Morning,06:00,14:00,0.419
2025-02-16,2025,Q1,2,February,Sunday,Yes,Afternoon,14:00,22:00,0.419
2025-02-16,2025,Q1,2,February,Sunday,Yes,Night,22:00,06:00,0.419
2025-02-17,2025,Q1,2,February,Monday,No,Morning,06:00,14:00,0.932
2025-02-17,2025,Q1,2,February,Monday,No,Afternoon,14:00,22:00,0.932
2025-02-17,2025,Q1,2,February,Monday,No,Night,22:00,06:00,0.932
2025-02-18,2025,Q1,2,February,Tuesday,No,Morning,06:00,14:00,0.932
2025-02-18,2025,Q1,2,February,Tuesday,No,Afternoon,14:00,22:00,0.932
2025-02-18,2025,Q1,2,February,Tuesday,No,Night,22:00,06:00,0.932
2025-02-19,2025,Q1,2,February,Wednesday,No,Morning,06:00,14:00,0.932
2025-02-19,2025,Q1,2,February,Wednesday,No,Afternoon,14:00,22:00,0.932
2025-02-19,2025,Q1,2,February,Wednesday,No,Night,22:00,06:00,0.932
2025-02-20,2025,Q1,2,February,Thursday,No,Morning,06:00,14:00,0.932
2025-02-20,2025,Q1,2,February,Thursday,No,Afternoon,14:00,22:00,0.932
2025-02-20,2025,Q1,2,February,Thursday,No,Night,22:00,06:00,0.932
2025-02-21,2025,Q1,2,February,Friday,No,Morning,06:00,14:00,0.932
2025-02-21,2025,Q1,2,February,Friday,No,Afternoon,14:00,22:00,0.932
2025-02-21,2025,Q1,2,February,Friday,No,Night,22:00,06:00,0.932
2025-02-22,2025,Q1,2,February,Saturday,Yes,Morning,06:00,14:00,0.932
2025-02-22,2025,Q1,2,February,Saturday,Yes,Afternoon,14:00,22:00,0.932
2025-02-22,2025,Q1,2,February,Saturday,Yes,Night,22:00,06:00,0.932
2025-02-23,2025,Q1,2,February,Sunday,Yes,Morning,06:00,14:00,0.419
2025-02-23,2025,Q1,2,February,Sunday,Yes,Afternoon,14:00,22:00,0.419
2025-02-23,2025,Q1,2,February,Sunday,Yes,Night,22:00,06:00,0.419
2025-02-24,2025,Q1,2,February,Monday,No,Morning,06:00,14:00,0.932
2025-02-24,2025,Q1,2,February,Monday,No,Afternoon,14:00,22:00,0.932
2025-02-24,2025,Q1,2,February,Monday,No,Night,22:00,06:00,0.932
2025-02-25,2025,Q1,2,February,Tuesday,No,Morning,06:00,14:00,0.932
2025-02-25,2025,Q1,2,February,Tuesday,No,Afternoon,14:00,22:00,0.932
2025-02-25,2025,Q1,2,February,Tuesday,No,Night,22:00,06:00,0.932
2025-02-26,2025,Q1,2,February,Wednesday,No,Morning,06:00,14:00,0.932
2025-02-26,2025,Q1,2,February,Wednesday,No,Afternoon,14:00,22:00,0.932
2025-02-26,2025,Q1,2,February,Wednesday,No,Night,22:00,06:00,0.932
2025-02-27,2025,Q1,2,February,Thursday,No,Morning,06:00,14:00,0.933
2025-02-27,2025,Q1,2,February,Thursday,No,Afternoon,14:00,22:00,0.933
2025-02-27,2025,Q1,2,February,Thursday,No,Night,22:00,06:00,0.933
2025-02-28,2025,Q1,2,February,Friday,No,Morning,06:00,14:00,0.933
2025-02-28,2025,Q1,2,February,Friday,No,Afternoon,14:00,22:00,0.933
2025-02-28,2025,Q1,2,February,Friday,No,Night,22:00,06:00,0.933
2025-03-01,2025,Q1,3,March,Saturday,Yes,Morning,06:00,14:00,1.097
2025-03-01,2025,Q1,3,March,Saturday,Yes,Afternoon,14:00,22:00,1.097
2025-03-01,2025,Q1,3,March,Saturday,Yes,Night,22:00,06:00,1.097
2025-03-02,2025,Q1,3,March,Sunday,Yes,Morning,06:00,14:00,0.494
2025-03-02,2025,Q1,3,March,Sunday,Yes,Afternoon,14:00,22:00,0.494
2025-03-02,2025,Q1,3,March,Sunday,Yes,Night,22:00,06:00,0.494
2025-03-03,2025,Q1,3,March,Monday,No,Morning,06:00,14:00,1.098
2025-03-03,2025,Q1,3,March,Monday,No,Afternoon,14:00,22:00,1.098
2025-03-03,2025,Q1,3,March,Monday,No,Night,22:00,06:00,1.098
2025-03-04,2025,Q1,3,March,Tuesday,No,Morning,06:00,14:00,1.098
2025-03-04,2025,Q1,3,March,Tuesday,No,Afternoon,14:00,22:00,1.098
2025-03-04,2025,Q1,3,March,Tuesday,No,Night,22:00,06:00,1.098
2025-03-05,2025,Q1,3,March,Wednesday,No,Morning,06:00,14:00,1.098
2025-03-05,2025,Q1,3,March,Wednesday,No,Afternoon,14:00,22:00,1.098
2025-03-05,2025,Q1,3,March,Wednesday,No,Night,22:00,06:00,1.098
2025-03-06,2025,Q1,3,March,Thursday,No,Morning,06:00,14:00,1.098
2025-03-06,2025,Q1,3,March,Thursday,No,Afternoon,14:00,22:00,1.098
2025-03-06,2025,Q1,3,March,Thursday,No,Night,22:00,06:00,1.098
2025-03-07,2025,Q1,3,March,Friday,No,Morning,06:00,14:00,1.098
2025-03-07,2025,Q1,3,March,Friday,No,Afternoon,14:00,22:00,1.098
2025-03-07,2025,Q1,3,March,Friday,No,Night,22:00,06:00,1.098
2025-03-08,2025,Q1,3,March,Saturday,Yes,Morning,06:00,14:00,1.098
2025-03-08,2025,Q1,3,March,Saturday,Yes,Afternoon,14:00,22:00,1.098
2025-03-08,2025,Q1,3,March,Saturday,Yes,Night,22:00,06:00,1.098
2025-03-09,2025,Q1,3,March,Sunday,Yes,Morning,06:00,14:00,0.494
2025-03-09,2025,Q1,3,March,Sunday,Yes,Afternoon,14:00,22:00,0.494
2025-03-09,2025,Q1,3,March,Sunday,Yes,Night,22:00,06:00,0.494
2025-03-10,2025,Q1,3,March,Monday,No,Morning,06:00,14:00,1.099
2025-03-10,2025,Q1,3,March,Monday,No,Afternoon,14:00,22:00,1.099
2025-03-10,2025,Q1,3,March,Monday,No,Night,22:00,06:00,1.099
2025-03-11,2025,Q1,3,March,Tuesday,No,Morning,06:00,14:00,1.099
2025-03-11,2025,Q1,3,March,Tuesday,No,Afternoon,14:00,22:00,1.099
2025-03-11,2025,Q1,3,March,Tuesday,No,Night,22:00,06:00,1.099
2025-03-12,2025,Q1,3,March,Wednesday,No,Morning,06:00,14:00,1.099
2025-03-12,2025,Q1,3,March,Wednesday,No,Afternoon,14:00,22:00,1.099
2025-03-12,2025,Q1,3,March,Wednesday,No,Night,22:00,06:00,1.099
2025-03-13,2025,Q1,3,March,Thursday,No,Morning,06:00,14:00,1.099
2025-03-13,2025,Q1,3,March,Thursday,No,Afternoon,14:00,22:00,1.099
2025-03-13,2025,Q1,3,March,Thursday,No,Night,22:00,06:00,1.099
2025-03-14,2025,Q1,3,March,Friday,No,Morning,06:00,14:00,1.099
2025-03-14,2025,Q1,3,March,Friday,No,Afternoon,14:00,22:00,1.099
2025-03-14,2025,Q1,3,March,Friday,No,Night,22:00,06:00,1.099
2025-03-15,2025,Q1,3,March,Saturday,Yes,Morning,06:00,14:00,1.099
2025-03-15,2025,Q1,3,March,Saturday,Yes,Afternoon,14:00,22:00,1.099
2025-03-15,2025,Q1,3,March,Saturday,Yes,Night,22:00,06:00,1.099
2025-03-16,2025,Q1,3,March,Sunday,Yes,Morning,06:00,14:00,0.495
2025-03-16,2025,Q1,3,March,Sunday,Yes,Afternoon,14:00,22:00,0.495
2025-03-16,2025,Q1,3,March,Sunday,Yes,Night,22:00,06:00,0.495
2025-03-17,2025,Q1,3,March,Monday,No,Morning,06:00,14:00,1.099
2025-03-17,2025,Q1,3,March,Monday,No,Afternoon,14:00,22:00,1.099
2025-03-17,2025,Q1,3,March,Monday,No,Night,22:00,06:00,1.099
2025-03-18,2025,Q1,3,March,Tuesday,No,Morning,06:00,14:00,1.099
2025-03-18,2025,Q1,3,March,Tuesday,No,Afternoon,14:00,22:00,1.099
2025-03-18,2025,Q1,3,March,Tuesday,No,Night,22:00,06:00,1.099
2025-03-19,2025,Q1,3,March,Wednesday,No,Morning,06:00,14:00,1.1
2025-03-19,2025,Q1,3,March,Wednesday,No,Afternoon,14:00,22:00,1.1
2025-03-19,2025,Q1,3,March,Wednesday,No,Night,22:00,06:00,1.1
2025-03-20,2025,Q1,3,March,Thursday,No,Morning,06:00,14:00,1.1
2025-03-20,2025,Q1,3,March,Thursday,No,Afternoon,14:00,22:00,1.1
2025-03-20,2025,Q1,3,March,Thursday,No,Night,22:00,06:00,1.1
2025-03-21,2025,Q1,3,March,Friday,No,Morning,06:00,14:00,1.1
2025-03-21,2025,Q1,3,March,Friday,No,Afternoon,14:00,22:00,1.1
2025-03-21,2025,Q1,3,March,Friday,No,Night,22:00,06:00,1.1
2025-03-22,2025,Q1,3,March,Saturday,Yes,Morning,06:00,14:00,1.1
2025-03-22,2025,Q1,3,March,Saturday,Yes,Afternoon,14:00,22:00,1.1
2025-03-22,2025,Q1,3,March,Saturday,Yes,Night,22:00,06:00,1.1
2025-03-23,2025,Q1,3,March,Sunday,Yes,Morning,06:00,14:00,0.495
2025-03-23,2025,Q1,3,March,Sunday,Yes,Afternoon,14:00,22:00,0.495
2025-03-23,2025,Q1,3,March,Sunday,Yes,Night,22:00,06:00,0.495
2025-03-24,2025,Q1,3,March,Monday,No,Morning,06:00,14:00,1.1
2025-03-24,2025,Q1,3,March,Monday,No,Afternoon,14:00,22:00,1.1
2025-03-24,2025,Q1,3,March,Monday,No,Night,22:00,06:00,1.1
2025-03-25,2025,Q1,3,March,Tuesday,No,Morning,06:00,14:00,1.1
2025-03-25,2025,Q1,3,March,Tuesday,No,Afternoon,14:00,22:00,1.1
2025-03-25,2025,Q1,3,March,Tuesday,No,Night,22:00,06:00,1.1
2025-03-26,2025,Q1,3,March,Wednesday,No,Morning,06:00,14:00,1.1
2025-03-26,2025,Q1,3,March,Wednesday,No,Afternoon,14:00,22:00,1.1
2025-03-26,2025,Q1,3,March,Wednesday,No,Night,22:00,06:00,1.1
2025-03-27,2025,Q1,3,March,Thursday,No,Morning,06:00,14:00,1.101
2025-03-27,2025,Q1,3,March,Thursday,No,Afternoon,14:00,22:00,1.101
2025-03-27,2025,Q1,3,March,Thursday,No,Night,22:00,06:00,1.101
2025-03-28,2025,Q1,3,March,Friday,No,Morning,06:00,14:00,1.101
2025-03-28,2025,Q1,3,March,Friday,No,Afternoon,14:00,22:00,1.101
2025-03-28,2025,Q1,3,March,Friday,No,Night,22:00,06:00,1.101
2025-03-29,2025,Q1,3,March,Saturday,Yes,Morning,06:00,14:00,1.101
2025-03-29,2025,Q1,3,March,Saturday,Yes,Afternoon,14:00,22:00,1.101
2025-03-29,2025,Q1,3,March,Saturday,Yes,Night,22:00,06:00,1.101
2025-03-30,2025,Q1,3,March,Sunday,Yes,Morning,06:00,14:00,0.495
2025-03-30,2025,Q1,3,March,Sunday,Yes,Afternoon,14:00,22:00,0.495
2025-03-30,2025,Q1,3,March,Sunday,Yes,Night,22:00,06:00,0.495
2025-03-31,2025,Q1,3,March,Monday,No,Morning,06:00,14:00,1.101
2025-03-31,2025,Q1,3,March,Monday,No,Afternoon,14:00,22:00,1.101
2025-03-31,2025,Q1,3,March,Monday,No,Night,22:00,06:00,1.101
2025-04-01,2025,Q2,4,April,Tuesday,No,Morning,06:00,14:00,1.101
2025-04-01,2025,Q2,4,April,Tuesday,No,Afternoon,14:00,22:00,1.101
2025-04-01,2025,Q2,4,April,Tuesday,No,Night,22:00,06:00,1.101
2025-04-02,2025,Q2,4,April,Wednesday,No,Morning,06:00,14:00,1.101
2025-04-02,2025,Q2,4,April,Wednesday,No,Afternoon,14:00,22:00,1.101
2025-04-02,2025,Q2,4,April,Wednesday,No,Night,22:00,06:00,1.101
2025-04-03,2025,Q2,4,April,Thursday,No,Morning,06:00,14:00,1.101
2025-04-03,2025,Q2,4,April,Thursday,No,Afternoon,14:00,22:00,1.101
2025-04-03,2025,Q2,4,April,Thursday,No,Night,22:00,06:00,1.101
2025-04-04,2025,Q2,4,April,Friday,No,Morning,06:00,14:00,1.102
2025-04-04,2025,Q2,4,April,Friday,No,Afternoon,14:00,22:00,1.102
2025-04-04,2025,Q2,4,April,Friday,No,Night,22:00,06:00,1.102
2025-04-05,2025,Q2,4,April,Saturday,Yes,Morning,06:00,14:00,1.102
2025-04-05,2025,Q2,4,April,Saturday,Yes,Afternoon,14:00,22:00,1.102
2025-04-05,2025,Q2,4,April,Saturday,Yes,Night,22:00,06:00,1.102
2025-04-06,2025,Q2,4,April,Sunday,Yes,Morning,06:00,14:00,0.496
2025-04-06,2025,Q2,4,April,Sunday,Yes,Afternoon,14:00,22:00,0.496
2025-04-06,2025,Q2,4,April,Sunday,Yes,Night,22:00,06:00,0.496
2025-04-07,2025,Q2,4,April,Monday,No,Morning,06:00,14:00,1.102
2025-04-07,2025,Q2,4,April,Monday,No,Afternoon,14:00,22:00,1.102
2025-04-07,2025,Q2,4,April,Monday,No,Night,22:00,06:00,1.102
2025-04-08,2025,Q2,4,April,Tuesday,No,Morning,06:00,14:00,1.102
2025-04-08,2025,Q2,4,April,Tuesday,No,Afternoon,14:00,22:00,1.102
2025-04-08,2025,Q2,4,April,Tuesday,No,Night,22:00,06:00,1.102
2025-04-09,2025,Q2,4,April,Wednesday,No,Morning,06:00,14:00,1.102
2025-04-09,2025,Q2,4,April,Wednesday,No,Afternoon,14:00,22:00,1.102
2025-04-09,2025,Q2,4,April,Wednesday,No,Night,22:00,06:00,1.102
2025-04-10,2025,Q2,4,April,Thursday,No,Morning,06:00,14:00,1.102
2025-04-10,2025,Q2,4,April,Thursday,No,Afternoon,14:00,22:00,1.102
2025-04-10,2025,Q2,4,April,Thursday,No,Night,22:00,06:00,1.102
2025-04-11,2025,Q2,4,April,Friday,No,Morning,06:00,14:00,1.102
2025-04-11,2025,Q2,4,April,Friday,No,Afternoon,14:00,22:00,1.102
2025-04-11,2025,Q2,4,April,Friday,No,Night,22:00,06:00,1.102
2025-04-12,2025,Q2,4,April,Saturday,Yes,Morning,06:00,14:00,1.103
2025-04-12,2025,Q2,4,April,Saturday,Yes,Afternoon,14:00,22:00,1.103
2025-04-12,2025,Q2,4,April,Saturday,Yes,Night,22:00,06:00,1.103
2025-04-13,2025,Q2,4,April,Sunday,Yes,Morning,06:00,14:00,0.496
2025-04-13,2025,Q2,4,April,Sunday,Yes,Afternoon,14:00,22:00,0.496
2025-04-13,2025,Q2,4,April,Sunday,Yes,Night,22:00,06:00,0.496
2025-04-14,2025,Q2,4,April,Monday,No,Morning,06:00,14:00,1.103
2025-04-14,2025,Q2,4,April,Monday,No,Afternoon,14:00,22:00,1.103
2025-04-14,2025,Q2,4,April,Monday,No,Night,22:00,06:00,1.103
2025-04-15,2025,Q2,4,April,Tuesday,No,Morning,06:00,14:00,1.103
2025-04-15,2025,Q2,4,April,Tuesday,No,Afternoon,14:00,22:00,1.103
2025-04-15,2025,Q2,4,April,Tuesday,No,Night,22:00,06:00,1.103
2025-04-16,2025,Q2,4,April,Wednesday,No,Morning,06:00,14:00,1.103
2025-04-16,2025,Q2,4,April,Wednesday,No,Afternoon,14:00,22:00,1.103
2025-04-16,2025,Q2,4,April,Wednesday,No,Night,22:00,06:00,1.103
2025-04-17,2025,Q2,4,April,Thursday,No,Morning,06:00,14:00,1.103
2025-04-17,2025,Q2,4,April,Thursday,No,Afternoon,14:00,22:00,1.103
2025-04-17,2025,Q2,4,April,Thursday,No,Night,22:00,06:00,1.103
2025-04-18,2025,Q2,4,April,Friday,No,Morning,06:00,14:00,1.103
2025-04-18,2025,Q2,4,April,Friday,No,Afternoon,14:00,22:00,1.103
2025-04-18,2025,Q2,4,April,Friday,No,Night,22:00,06:00,1.103
2025-04-19,2025,Q2,4,April,Saturday,Yes,Morning,06:00,14:00,1.103
2025-04-19,2025,Q2,4,April,Saturday,Yes,Afternoon,14:00,22:00,1.103
2025-04-19,2025,Q2,4,April,Saturday,Yes,Night,22:00,06:00,1.103
2025-04-20,2025,Q2,4,April,Sunday,Yes,Morning,06:00,14:00,0.497
2025-04-20,2025,Q2,4,April,Sunday,Yes,Afternoon,14:00,22:00,0.497
2025-04-20,2025,Q2,4,April,Sunday,Yes,Night,22:00,06:00,0.497
2025-04-21,2025,Q2,4,April,Monday,No,Morning,06:00,14:00,1.104
2025-04-21,2025,Q2,4,April,Monday,No,Afternoon,14:00,22:00,1.104
2025-04-21,2025,Q2,4,April,Monday,No,Night,22:00,06:00,1.104
2025-04-22,2025,Q2,4,April,Tuesday,No,Morning,06:00,14:00,1.104
2025-04-22,2025,Q2,4,April,Tuesday,No,Afternoon,14:00,22:00,1.104
2025-04-22,2025,Q2,4,April,Tuesday,No,Night,22:00,06:00,1.104
2025-04-23,2025,Q2,4,April,Wednesday,No,Morning,06:00,14:00,1.104
2025-04-23,2025,Q2,4,April,Wednesday,No,Afternoon,14:00,22:00,1.104
2025-04-23,2025,Q2,4,April,Wednesday,No,Night,22:00,06:00,1.104
2025-04-24,2025,Q2,4,April,Thursday,No,Morning,06:00,14:00,1.104
2025-04-24,2025,Q2,4,April,Thursday,No,Afternoon,14:00,22:00,1.104
2025-04-24,2025,Q2,4,April,Thursday,No,Night,22:00,06:00,1.104
2025-04-25,2025,Q2,4,April,Friday,No,Morning,06:00,14:00,1.104
2025-04-25,2025,Q2,4,April,Friday,No,Afternoon,14:00,22:00,1.104
2025-04-25,2025,Q2,4,April,Friday,No,Night,22:00,06:00,1.104
2025-04-26,2025,Q2,4,April,Saturday,Yes,Morning,06:00,14:00,1.104
2025-04-26,2025,Q2,4,April,Saturday,Yes,Afternoon,14:00,22:00,1.104
2025-04-26,2025,Q2,4,April,Saturday,Yes,Night,22:00,06:00,1.104
2025-04-27,2025,Q2,4,April,Sunday,Yes,Morning,06:00,14:00,0.497
2025-04-27,2025,Q2,4,April,Sunday,Yes,Afternoon,14:00,22:00,0.497
2025-04-27,2025,Q2,4,April,Sunday,Yes,Night,22:00,06:00,0.497
2025-04-28,2025,Q2,4,April,Monday,No,Morning,06:00,14:00,1.105
2025-04-28,2025,Q2,4,April,Monday,No,Afternoon,14:00,22:00,1.105
2025-04-28,2025,Q2,4,April,Monday,No,Night,22:00,06:00,1.105
2025-04-29,2025,Q2,4,April,Tuesday,No,Morning,06:00,14:00,1.105
2025-04-29,2025,Q2,4,April,Tuesday,No,Afternoon,14:00,22:00,1.105
2025-04-29,2025,Q2,4,April,Tuesday,No,Night,22:00,06:00,1.105
2025-04-30,2025,Q2,4,April,Wednesday,No,Morning,06:00,14:00,1.105
2025-04-30,2025,Q2,4,April,Wednesday,No,Afternoon,14:00,22:00,1.105
2025-04-30,2025,Q2,4,April,Wednesday,No,Night,22:00,06:00,1.105
2025-05-01,2025,Q2,5,May,Thursday,No,Morning,06:00,14:00,1.105
2025-05-01,2025,Q2,5,May,Thursday,No,Afternoon,14:00,22:00,1.105
2025-05-01,2025,Q2,5,May,Thursday,No,Night,22:00,06:00,1.105
2025-05-02,2025,Q2,5,May,Friday,No,Morning,06:00,14:00,1.105
2025-05-02,2025,Q2,5,May,Friday,No,Afternoon,14:00,22:00,1.105
2025-05-02,2025,Q2,5,May,Friday,No,Night,22:00,06:00,1.105
2025-05-03,2025,Q2,5,May,Saturday,Yes,Morning,06:00,14:00,1.105
2025-05-03,2025,Q2,5,May,Saturday,Yes,Afternoon,14:00,22:00,1.105
2025-05-03,2025,Q2,5,May,Saturday,Yes,Night,22:00,06:00,1.105
2025-05-04,2025,Q2,5,May,Sunday,Yes,Morning,06:00,14:00,0.497
2025-05-04,2025,Q2,5,May,Sunday,Yes,Afternoon,14:00,22:00,0.497
2025-05-04,2025,Q2,5,May,Sunday,Yes,Night,22:00,06:00,0.497
2025-05-05,2025,Q2,5,May,Monday,No,Morning,06:00,14:00,1.105
2025-05-05,2025,Q2,5,May,Monday,No,Afternoon,14:00,22:00,1.105
2025-05-05,2025,Q2,5,May,Monday,No,Night,22:00,06:00,1.105
2025-05-06,2025,Q2,5,May,Tuesday,No,Morning,06:00,14:00,1.106
2025-05-06,2025,Q2,5,May,Tuesday,No,Afternoon,14:00,22:00,1.106
2025-05-06,2025,Q2,5,May,Tuesday,No,Night,22:00,06:00,1.106
2025-05-07,2025,Q2,5,May,Wednesday,No,Morning,06:00,14:00,1.106
2025-05-07,2025,Q2,5,May,Wednesday,No,Afternoon,14:00,22:00,1.106
2025-05-07,2025,Q2,5,May,Wednesday,No,Night,22:00,06:00,1.106
2025-05-08,2025,Q2,5,May,Thursday,No,Morning,06:00,14:00,1.106
2025-05-08,2025,Q2,5,May,Thursday,No,Afternoon,14:00,22:00,1.106
2025-05-08,2025,Q2,5,May,Thursday,No,Night,22:00,06:00,1.106
2025-05-09,2025,Q2,5,May,Friday,No,Morning,06:00,14:00,1.106
2025-05-09,2025,Q2,5,May,Friday,No,Afternoon,14:00,22:00,1.106
2025-05-09,2025,Q2,5,May,Friday,No,Night,22:00,06:00,1.106
2025-05-10,2025,Q2,5,May,Saturday,Yes,Morning,06:00,14:00,1.106
2025-05-10,2025,Q2,5,May,Saturday,Yes,Afternoon,14:00,22:00,1.106
2025-05-10,2025,Q2,5,May,Saturday,Yes,Night,22:00,06:00,1.106
2025-05-11,2025,Q2,5,May,Sunday,Yes,Morning,06:00,14:00,0.498
2025-05-11,2025,Q2,5,May,Sunday,Yes,Afternoon,14:00,22:00,0.498
2025-05-11,2025,Q2,5,May,Sunday,Yes,Night,22:00,06:00,0.498
2025-05-12,2025,Q2,5,May,Monday,No,Morning,06:00,14:00,1.106
2025-05-12,2025,Q2,5,May,Monday,No,Afternoon,14:00,22:00,1.106
2025-05-12,2025,Q2,5,May,Monday,No,Night,22:00,06:00,1.106
2025-05-13,2025,Q2,5,May,Tuesday,No,Morning,06:00,14:00,1.106
2025-05-13,2025,Q2,5,May,Tuesday,No,Afternoon,14:00,22:00,1.106
2025-05-13,2025,Q2,5,May,Tuesday,No,Night,22:00,06:00,1.106
2025-05-14,2025,Q2,5,May,Wednesday,No,Morning,06:00,14:00,1.107
2025-05-14,2025,Q2,5,May,Wednesday,No,Afternoon,14:00,22:00,1.107
2025-05-14,2025,Q2,5,May,Wednesday,No,Night,22:00,06:00,1.107
2025-05-15,2025,Q2,5,May,Thursday,No,Morning,06:00,14:00,1.107
2025-05-15,2025,Q2,5,May,Thursday,No,Afternoon,14:00,22:00,1.107
2025-05-15,2025,Q2,5,May,Thursday,No,Night,22:00,06:00,1.107
2025-05-16,2025,Q2,5,May,Friday,No,Morning,06:00,14:00,1.107
2025-05-16,2025,Q2,5,May,Friday,No,Afternoon,14:00,22:00,1.107
2025-05-16,2025,Q2,5,May,Friday,No,Night,22:00,06:00,1.107
2025-05-17,2025,Q2,5,May,Saturday,Yes,Morning,06:00,14:00,1.107
2025-05-17,2025,Q2,5,May,Saturday,Yes,Afternoon,14:00,22:00,1.107
2025-05-17,2025,Q2,5,May,Saturday,Yes,Night,22:00,06:00,1.107
2025-05-18,2025,Q2,5,May,Sunday,Yes,Morning,06:00,14:00,0.498
2025-05-18,2025,Q2,5,May,Sunday,Yes,Afternoon,14:00,22:00,0.498
2025-05-18,2025,Q2,5,May,Sunday,Yes,Night,22:00,06:00,0.498
2025-05-19,2025,Q2,5,May,Monday,No,Morning,06:00,14:00,1.107
2025-05-19,2025,Q2,5,May,Monday,No,Afternoon,14:00,22:00,1.107
2025-05-19,2025,Q2,5,May,Monday,No,Night,22:00,06:00,1.107
2025-05-20,2025,Q2,5,May,Tuesday,No,Morning,06:00,14:00,1.107
2025-05-20,2025,Q2,5,May,Tuesday,No,Afternoon,14:00,22:00,1.107
2025-05-20,2025,Q2,5,May,Tuesday,No,Night,22:00,06:00,1.107
2025-05-21,2025,Q2,5,May,Wednesday,No,Morning,06:00,14:00,1.107
2025-05-21,2025,Q2,5,May,Wednesday,No,Afternoon,14:00,22:00,1.107
2025-05-21,2025,Q2,5,May,Wednesday,No,Night,22:00,06:00,1.107
2025-05-22,2025,Q2,5,May,Thursday,No,Morning,06:00,14:00,1.108
2025-05-22,2025,Q2,5,May,Thursday,No,Afternoon,14:00,22:00,1.108
2025-05-22,2025,Q2,5,May,Thursday,No,Night,22:00,06:00,1.108
2025-05-23,2025,Q2,5,May,Friday,No,Morning,06:00,14:00,1.108
2025-05-23,2025,Q2,5,May,Friday,No,Afternoon,14:00,22:00,1.108
2025-05-23,2025,Q2,5,May,Friday,No,Night,22:00,06:00,1.108
2025-05-24,2025,Q2,5,May,Saturday,Yes,Morning,06:00,14:00,1.108
2025-05-24,2025,Q2,5,May,Saturday,Yes,Afternoon,14:00,22:00,1.108
2025-05-24,2025,Q2,5,May,Saturday,Yes,Night,22:00,06:00,1.108
2025-05-25,2025,Q2,5,May,Sunday,Yes,Morning,06:00,14:00,0.499
2025-05-25,2025,Q2,5,May,Sunday,Yes,Afternoon,14:00,22:00,0.499
2025-05-25,2025,Q2,5,May,Sunday,Yes,Night,22:00,06:00,0.499
2025-05-26,2025,Q2,5,May,Monday,No,Morning,06:00,14:00,1.108
2025-05-26,2025,Q2,5,May,Monday,No,Afternoon,14:00,22:00,1.108
2025-05-26,2025,Q2,5,May,Monday,No,Night,22:00,06:00,1.108
2025-05-27,2025,Q2,5,May,Tuesday,No,Morning,06:00,14:00,1.108
2025-05-27,2025,Q2,5,May,Tuesday,No,Afternoon,14:00,22:00,1.108
2025-05-27,2025,Q2,5,May,Tuesday,No,Night,22:00,06:00,1.108
2025-05-28,2025,Q2,5,May,Wednesday,No,Morning,06:00,14:00,1.108
2025-05-28,2025,Q2,5,May,Wednesday,No,Afternoon,14:00,22:00,1.108
2025-05-28,2025,Q2,5,May,Wednesday,No,Night,22:00,06:00,1.108
2025-05-29,2025,Q2,5,May,Thursday,No,Morning,06:00,14:00,1.108
2025-05-29,2025,Q2,5,May,Thursday,No,Afternoon,14:00,22:00,1.108
2025-05-29,2025,Q2,5,May,Thursday,No,Night,22:00,06:00,1.108
2025-05-30,2025,Q2,5,May,Friday,No,Morning,06:00,14:00,1.108
2025-05-30,2025,Q2,5,May,Friday,No,Afternoon,14:00,22:00,1.108
2025-05-30,2025,Q2,5,May,Friday,No,Night,22:00,06:00,1.108
2025-05-31,2025,Q2,5,May,Saturday,Yes,Morning,06:00,14:00,1.109
2025-05-31,2025,Q2,5,May,Saturday,Yes,Afternoon,14:00,22:00,1.109
2025-05-31,2025,Q2,5,May,Saturday,Yes,Night,22:00,06:00,1.109
2025-06-01,2025,Q2,6,June,Sunday,Yes,Morning,06:00,14:00,0.499
2025-06-01,2025,Q2,6,June,Sunday,Yes,Afternoon,14:00,22:00,0.499
2025-06-01,2025,Q2,6,June,Sunday,Yes,Night,22:00,06:00,0.499
2025-06-02,2025,Q2,6,June,Monday,No,Morning,06:00,14:00,1.109
2025-06-02,2025,Q2,6,June,Monday,No,Afternoon,14:00,22:00,1.109
2025-06-02,2025,Q2,6,June,Monday,No,Night,22:00,06:00,1.109
2025-06-03,2025,Q2,6,June,Tuesday,No,Morning,06:00,14:00,1.109
2025-06-03,2025,Q2,6,June,Tuesday,No,Afternoon,14:00,22:00,1.109
2025-06-03,2025,Q2,6,June,Tuesday,No,Night,22:00,06:00,1.109
2025-06-04,2025,Q2,6,June,Wednesday,No,Morning,06:00,14:00,1.109
2025-06-04,2025,Q2,6,June,Wednesday,No,Afternoon,14:00,22:00,1.109
2025-06-04,2025,Q2,6,June,Wednesday,No,Night,22:00,06:00,1.109
2025-06-05,2025,Q2,6,June,Thursday,No,Morning,06:00,14:00,1.109
2025-06-05,2025,Q2,6,June,Thursday,No,Afternoon,14:00,22:00,1.109
2025-06-05,2025,Q2,6,June,Thursday,No,Night,22:00,06:00,1.109
2025-06-06,2025,Q2,6,June,Friday,No,Morning,06:00,14:00,1.109
2025-06-06,2025,Q2,6,June,Friday,No,Afternoon,14:00,22:00,1.109
2025-06-06,2025,Q2,6,June,Friday,No,Night,22:00,06:00,1.109
2025-06-07,2025,Q2,6,June,Saturday,Yes,Morning,06:00,14:00,1.109
2025-06-07,2025,Q2,6,June,Saturday,Yes,Afternoon,14:00,22:00,1.109
2025-06-07,2025,Q2,6,June,Saturday,Yes,Night,22:00,06:00,1.109
2025-06-08,2025,Q2,6,June,Sunday,Yes,Morning,06:00,14:00,0.499
2025-06-08,2025,Q2,6,June,Sunday,Yes,Afternoon,14:00,22:00,0.499
2025-06-08,2025,Q2,6,June,Sunday,Yes,Night,22:00,06:00,0.499
2025-06-09,2025,Q2,6,June,Monday,No,Morning,06:00,14:00,1.11
2025-06-09,2025,Q2,6,June,Monday,No,Afternoon,14:00,22:00,1.11
2025-06-09,2025,Q2,6,June,Monday,No,Night,22:00,06:00,1.11
2025-06-10,2025,Q2,6,June,Tuesday,No,Morning,06:00,14:00,1.11
2025-06-10,2025,Q2,6,June,Tuesday,No,Afternoon,14:00,22:00,1.11
2025-06-10,2025,Q2,6,June,Tuesday,No,Night,22:00,06:00,1.11
2025-06-11,2025,Q2,6,June,Wednesday,No,Morning,06:00,14:00,1.11
2025-06-11,2025,Q2,6,June,Wednesday,No,Afternoon,14:00,22:00,1.11
2025-06-11,2025,Q2,6,June,Wednesday,No,Night,22:00,06:00,1.11
2025-06-12,2025,Q2,6,June,Thursday,No,Morning,06:00,14:00,1.11
2025-06-12,2025,Q2,6,June,Thursday,No,Afternoon,14:00,22:00,1.11
2025-06-12,2025,Q2,6,June,Thursday,No,Night,22:00,06:00,1.11
2025-06-13,2025,Q2,6,June,Friday,No,Morning,06:00,14:00,1.11
2025-06-13,2025,Q2,6,June,Friday,No,Afternoon,14:00,22:00,1.11
2025-06-13,2025,Q2,6,June,Friday,No,Night,22:00,06:00,1.11
2025-06-14,2025,Q2,6,June,Saturday,Yes,Morning,06:00,14:00,1.11
2025-06-14,2025,Q2,6,June,Saturday,Yes,Afternoon,14:00,22:00,1.11
2025-06-14,2025,Q2,6,June,Saturday,Yes,Night,22:00,06:00,1.11
2025-06-15,2025,Q2,6,June,Sunday,Yes,Morning,06:00,14:00,0.5
2025-06-15,2025,Q2,6,June,Sunday,Yes,Afternoon,14:00,22:00,0.5
2025-06-15,2025,Q2,6,June,Sunday,Yes,Night,22:00,06:00,0.5
2025-06-16,2025,Q2,6,June,Monday,No,Morning,06:00,14:00,1.111
2025-06-16,2025,Q2,6,June,Monday,No,Afternoon,14:00,22:00,1.111
2025-06-16,2025,Q2,6,June,Monday,No,Night,22:00,06:00,1.111
2025-06-17,2025,Q2,6,June,Tuesday,No,Morning,06:00,14:00,1.111
2025-06-17,2025,Q2,6,June,Tuesday,No,Afternoon,14:00,22:00,1.111
2025-06-17,2025,Q2,6,June,Tuesday,No,Night,22:00,06:00,1.111
2025-06-18,2025,Q2,6,June,Wednesday,No,Morning,06:00,14:00,1.111
2025-06-18,2025,Q2,6,June,Wednesday,No,Afternoon,14:00,22:00,1.111
2025-06-18,2025,Q2,6,June,Wednesday,No,Night,22:00,06:00,1.111
2025-06-19,2025,Q2,6,June,Thursday,No,Morning,06:00,14:00,1.111
2025-06-19,2025,Q2,6,June,Thursday,No,Afternoon,14:00,22:00,1.111
2025-06-19,2025,Q2,6,June,Thursday,No,Night,22:00,06:00,1.111
2025-06-20,2025,Q2,6,June,Friday,No,Morning,06:00,14:00,1.111
2025-06-20,2025,Q2,6,June,Friday,No,Afternoon,14:00,22:00,1.111
2025-06-20,2025,Q2,6,June,Friday,No,Night,22:00,06:00,1.111
2025-06-21,2025,Q2,6,June,Saturday,Yes,Morning,06:00,14:00,1.111
2025-06-21,2025,Q2,6,June,Saturday,Yes,Afternoon,14:00,22:00,1.111
2025-06-21,2025,Q2,6,June,Saturday,Yes,Night,22:00,06:00,1.111
2025-06-22,2025,Q2,6,June,Sunday,Yes,Morning,06:00,14:00,0.5
2025-06-22,2025,Q2,6,June,Sunday,Yes,Afternoon,14:00,22:00,0.5
2025-06-22,2025,Q2,6,June,Sunday,Yes,Night,22:00,06:00,0.5
2025-06-23,2025,Q2,6,June,Monday,No,Morning,06:00,14:00,1.111
2025-06-23,2025,Q2,6,June,Monday,No,Afternoon,14:00,22:00,1.111
2025-06-23,2025,Q2,6,June,Monday,No,Night,22:00,06:00,1.111
2025-06-24,2025,Q2,6,June,Tuesday,No,Morning,06:00,14:00,1.112
2025-06-24,2025,Q2,6,June,Tuesday,No,Afternoon,14:00,22:00,1.112
2025-06-24,2025,Q2,6,June,Tuesday,No,Night,22:00,06:00,1.112
2025-06-25,2025,Q2,6,June,Wednesday,No,Morning,06:00,14:00,1.112
2025-06-25,2025,Q2,6,June,Wednesday,No,Afternoon,14:00,22:00,1.112
2025-06-25,2025,Q2,6,June,Wednesday,No,Night,22:00,06:00,1.112
2025-06-26,2025,Q2,6,June,Thursday,No,Morning,06:00,14:00,1.112
2025-06-26,2025,Q2,6,June,Thursday,No,Afternoon,14:00,22:00,1.112
2025-06-26,2025,Q2,6,June,Thursday,No,Night,22:00,06:00,1.112
2025-06-27,2025,Q2,6,June,Friday,No,Morning,06:00,14:00,1.112
2025-06-27,2025,Q2,6,June,Friday,No,Afternoon,14:00,22:00,1.112
2025-06-27,2025,Q2,6,June,Friday,No,Night,22:00,06:00,1.112
2025-06-28,2025,Q2,6,June,Saturday,Yes,Morning,06:00,14:00,1.112
2025-06-28,2025,Q2,6,June,Saturday,Yes,Afternoon,14:00,22:00,1.112
2025-06-28,2025,Q2,6,June,Saturday,Yes,Night,22:00,06:00,1.112
2025-06-29,2025,Q2,6,June,Sunday,Yes,Morning,06:00,14:00,0.5
2025-06-29,2025,Q2,6,June,Sunday,Yes,Afternoon,14:00,22:00,0.5
2025-06-29,2025,Q2,6,June,Sunday,Yes,Night,22:00,06:00,0.5
2025-06-30,2025,Q2,6,June,Monday,No,Morning,06:00,14:00,1.112
2025-06-30,2025,Q2,6,June,Monday,No,Afternoon,14:00,22:00,1.112
2025-06-30,2025,Q2,6,June,Monday,No,Night,22:00,06:00,1.112
2025-07-01,2025,Q3,7,July,Tuesday,No,Morning,06:00,14:00,1.279
2025-07-01,2025,Q3,7,July,Tuesday,No,Afternoon,14:00,22:00,1.279
2025-07-01,2025,Q3,7,July,Tuesday,No,Night,22:00,06:00,1.279
2025-07-02,2025,Q3,7,July,Wednesday,No,Morning,06:00,14:00,1.279
2025-07-02,2025,Q3,7,July,Wednesday,No,Afternoon,14:00,22:00,1.279
2025-07-02,2025,Q3,7,July,Wednesday,No,Night,22:00,06:00,1.279
2025-07-03,2025,Q3,7,July,Thursday,No,Morning,06:00,14:00,1.28
2025-07-03,2025,Q3,7,July,Thursday,No,Afternoon,14:00,22:00,1.28
2025-07-03,2025,Q3,7,July,Thursday,No,Night,22:00,06:00,1.28
2025-07-04,2025,Q3,7,July,Friday,No,Morning,06:00,14:00,1.28
2025-07-04,2025,Q3,7,July,Friday,No,Afternoon,14:00,22:00,1.28
2025-07-04,2025,Q3,7,July,Friday,No,Night,22:00,06:00,1.28
2025-07-05,2025,Q3,7,July,Saturday,Yes,Morning,06:00,14:00,1.28
2025-07-05,2025,Q3,7,July,Saturday,Yes,Afternoon,14:00,22:00,1.28
2025-07-05,2025,Q3,7,July,Saturday,Yes,Night,22:00,06:00,1.28
2025-07-06,2025,Q3,7,July,Sunday,Yes,Morning,06:00,14:00,0.576
2025-07-06,2025,Q3,7,July,Sunday,Yes,Afternoon,14:00,22:00,0.576
2025-07-06,2025,Q3,7,July,Sunday,Yes,Night,22:00,06:00,0.576
2025-07-07,2025,Q3,7,July,Monday,No,Morning,06:00,14:00,1.28
2025-07-07,2025,Q3,7,July,Monday,No,Afternoon,14:00,22:00,1.28
2025-07-07,2025,Q3,7,July,Monday,No,Night,22:00,06:00,1.28
2025-07-08,2025,Q3,7,July,Tuesday,No,Morning,06:00,14:00,1.28
2025-07-08,2025,Q3,7,July,Tuesday,No,Afternoon,14:00,22:00,1.28
2025-07-08,2025,Q3,7,July,Tuesday,No,Night,22:00,06:00,1.28
2025-07-09,2025,Q3,7,July,Wednesday,No,Morning,06:00,14:00,1.28
2025-07-09,2025,Q3,7,July,Wednesday,No,Afternoon,14:00,22:00,1.28
2025-07-09,2025,Q3,7,July,Wednesday,No,Night,22:00,06:00,1.28
2025-07-10,2025,Q3,7,July,Thursday,No,Morning,06:00,14:00,1.281
2025-07-10,2025,Q3,7,July,Thursday,No,Afternoon,14:00,22:00,1.281
2025-07-10,2025,Q3,7,July,Thursday,No,Night,22:00,06:00,1.281
2025-07-11,2025,Q3,7,July,Friday,No,Morning,06:00,14:00,1.281
2025-07-11,2025,Q3,7,July,Friday,No,Afternoon,14:00,22:00,1.281
2025-07-11,2025,Q3,7,July,Friday,No,Night,22:00,06:00,1.281
2025-07-12,2025,Q3,7,July,Saturday,Yes,Morning,06:00,14:00,1.281
2025-07-12,2025,Q3,7,July,Saturday,Yes,Afternoon,14:00,22:00,1.281
2025-07-12,2025,Q3,7,July,Saturday,Yes,Night,22:00,06:00,1.281
2025-07-13,2025,Q3,7,July,Sunday,Yes,Morning,06:00,14:00,0.576
2025-07-13,2025,Q3,7,July,Sunday,Yes,Afternoon,14:00,22:00,0.576
2025-07-13,2025,Q3,7,July,Sunday,Yes,Night,22:00,06:00,0.576
2025-07-14,2025,Q3,7,July,Monday,No,Morning,06:00,14:00,1.281
2025-07-14,2025,Q3,7,July,Monday,No,Afternoon,14:00,22:00,1.281
2025-07-14,2025,Q3,7,July,Monday,No,Night,22:00,06:00,1.281
2025-07-15,2025,Q3,7,July,Tuesday,No,Morning,06:00,14:00,1.281
2025-07-15,2025,Q3,7,July,Tuesday,No,Afternoon,14:00,22:00,1.281
2025-07-15,2025,Q3,7,July,Tuesday,No,Night,22:00,06:00,1.281
2025-07-16,2025,Q3,7,July,Wednesday,No,Morning,06:00,14:00,1.281
2025-07-16,2025,Q3,7,July,Wednesday,No,Afternoon,14:00,22:00,1.281
2025-07-16,2025,Q3,7,July,Wednesday,No,Night,22:00,06:00,1.281
2025-07-17,2025,Q3,7,July,Thursday,No,Morning,06:00,14:00,1.282
2025-07-17,2025,Q3,7,July,Thursday,No,Afternoon,14:00,22:00,1.282
2025-07-17,2025,Q3,7,July,Thursday,No,Night,22:00,06:00,1.282
2025-07-18,2025,Q3,7,July,Friday,No,Morning,06:00,14:00,1.282
2025-07-18,2025,Q3,7,July,Friday,No,Afternoon,14:00,22:00,1.282
2025-07-18,2025,Q3,7,July,Friday,No,Night,22:00,06:00,1.282
2025-07-19,2025,Q3,7,July,Saturday,Yes,Morning,06:00,14:00,1.282
2025-07-19,2025,Q3,7,July,Saturday,Yes,Afternoon,14:00,22:00,1.282
2025-07-19,2025,Q3,7,July,Saturday,Yes,Night,22:00,06:00,1.282
2025-07-20,2025,Q3,7,July,Sunday,Yes,Morning,06:00,14:00,0.577
2025-07-20,2025,Q3,7,July,Sunday,Yes,Afternoon,14:00,22:00,0.577
2025-07-20,2025,Q3,7,July,Sunday,Yes,Night,22:00,06:00,0.577
2025-07-21,2025,Q3,7,July,Monday,No,Morning,06:00,14:00,1.282
2025-07-21,2025,Q3,7,July,Monday,No,Afternoon,14:00,22:00,1.282
2025-07-21,2025,Q3,7,July,Monday,No,Night,22:00,06:00,1.282
2025-07-22,2025,Q3,7,July,Tuesday,No,Morning,06:00,14:00,1.282
2025-07-22,2025,Q3,7,July,Tuesday,No,Afternoon,14:00,22:00,1.282
2025-07-22,2025,Q3,7,July,Tuesday,No,Night,22:00,06:00,1.282
2025-07-23,2025,Q3,7,July,Wednesday,No,Morning,06:00,14:00,1.282
2025-07-23,2025,Q3,7,July,Wednesday,No,Afternoon,14:00,22:00,1.282
2025-07-23,2025,Q3,7,July,Wednesday,No,Night,22:00,06:00,1.282
2025-07-24,2025,Q3,7,July,Thursday,No,Morning,06:00,14:00,1.283
2025-07-24,2025,Q3,7,July,Thursday,No,Afternoon,14:00,22:00,1.283
2025-07-24,2025,Q3,7,July,Thursday,No,Night,22:00,06:00,1.283
2025-07-25,2025,Q3,7,July,Friday,No,Morning,06:00,14:00,1.283
2025-07-25,2025,Q3,7,July,Friday,No,Afternoon,14:00,22:00,1.283
2025-07-25,2025,Q3,7,July,Friday,No,Night,22:00,06:00,1.283
2025-07-26,2025,Q3,7,July,Saturday,Yes,Morning,06:00,14:00,1.283
2025-07-26,2025,Q3,7,July,Saturday,Yes,Afternoon,14:00,22:00,1.283
2025-07-26,2025,Q3,7,July,Saturday,Yes,Night,22:00,06:00,1.283
2025-07-27,2025,Q3,7,July,Sunday,Yes,Morning,06:00,14:00,0.577
2025-07-27,2025,Q3,7,July,Sunday,Yes,Afternoon,14:00,22:00,0.577
2025-07-27,2025,Q3,7,July,Sunday,Yes,Night,22:00,06:00,0.577
2025-07-28,2025,Q3,7,July,Monday,No,Morning,06:00,14:00,1.283
2025-07-28,2025,Q3,7,July,Monday,No,Afternoon,14:00,22:00,1.283
2025-07-28,2025,Q3,7,July,Monday,No,Night,22:00,06:00,1.283
2025-07-29,2025,Q3,7,July,Tuesday,No,Morning,06:00,14:00,1.283
2025-07-29,2025,Q3,7,July,Tuesday,No,Afternoon,14:00,22:00,1.283
2025-07-29,2025,Q3,7,July,Tuesday,No,Night,22:00,06:00,1.283
2025-07-30,2025,Q3,7,July,Wednesday,No,Morning,06:00,14:00,1.283
2025-07-30,2025,Q3,7,July,Wednesday,No,Afternoon,14:00,22:00,1.283
2025-07-30,2025,Q3,7,July,Wednesday,No,Night,22:00,06:00,1.283
2025-07-31,2025,Q3,7,July,Thursday,No,Morning,06:00,14:00,1.284
2025-07-31,2025,Q3,7,July,Thursday,No,Afternoon,14:00,22:00,1.284
2025-07-31,2025,Q3,7,July,Thursday,No,Night,22:00,06:00,1.284
2025-08-01,2025,Q3,8,August,Friday,No,Morning,06:00,14:00,1.619
2025-08-01,2025,Q3,8,August,Friday,No,Afternoon,14:00,22:00,1.619
2025-08-01,2025,Q3,8,August,Friday,No,Night,22:00,06:00,1.619
2025-08-02,2025,Q3,8,August,Saturday,Yes,Morning,06:00,14:00,1.619
2025-08-02,2025,Q3,8,August,Saturday,Yes,Afternoon,14:00,22:00,1.619
2025-08-02,2025,Q3,8,August,Saturday,Yes,Night,22:00,06:00,1.619
2025-08-03,2025,Q3,8,August,Sunday,Yes,Morning,06:00,14:00,0.729
2025-08-03,2025,Q3,8,August,Sunday,Yes,Afternoon,14:00,22:00,0.729
2025-08-03,2025,Q3,8,August,Sunday,Yes,Night,22:00,06:00,0.729
2025-08-04,2025,Q3,8,August,Monday,No,Morning,06:00,14:00,1.619
2025-08-04,2025,Q3,8,August,Monday,No,Afternoon,14:00,22:00,1.619
2025-08-04,2025,Q3,8,August,Monday,No,Night,22:00,06:00,1.619
2025-08-05,2025,Q3,8,August,Tuesday,No,Morning,06:00,14:00,1.619
2025-08-05,2025,Q3,8,August,Tuesday,No,Afternoon,14:00,22:00,1.619
2025-08-05,2025,Q3,8,August,Tuesday,No,Night,22:00,06:00,1.619
2025-08-06,2025,Q3,8,August,Wednesday,No,Morning,06:00,14:00,1.619
2025-08-06,2025,Q3,8,August,Wednesday,No,Afternoon,14:00,22:00,1.619
2025-08-06,2025,Q3,8,August,Wednesday,No,Night,22:00,06:00,1.619
2025-08-07,2025,Q3,8,August,Thursday,No,Morning,06:00,14:00,1.62
2025-08-07,2025,Q3,8,August,Thursday,No,Afternoon,14:00,22:00,1.62
2025-08-07,2025,Q3,8,August,Thursday,No,Night,22:00,06:00,1.62
2025-08-08,2025,Q3,8,August,Friday,No,Morning,06:00,14:00,1.62
2025-08-08,2025,Q3,8,August,Friday,No,Afternoon,14:00,22:00,1.62
2025-08-08,2025,Q3,8,August,Friday,No,Night,22:00,06:00,1.62
2025-08-09,2025,Q3,8,August,Saturday,Yes,Morning,06:00,14:00,1.62
2025-08-09,2025,Q3,8,August,Saturday,Yes,Afternoon,14:00,22:00,1.62
2025-08-09,2025,Q3,8,August,Saturday,Yes,Night,22:00,06:00,1.62
2025-08-10,2025,Q3,8,August,Sunday,Yes,Morning,06:00,14:00,0.729
2025-08-10,2025,Q3,8,August,Sunday,Yes,Afternoon,14:00,22:00,0.729
2025-08-10,2025,Q3,8,August,Sunday,Yes,Night,22:00,06:00,0.729
2025-08-11,2025,Q3,8,August,Monday,No,Morning,06:00,14:00,1.62
2025-08-11,2025,Q3,8,August,Monday,No,Afternoon,14:00,22:00,1.62
2025-08-11,2025,Q3,8,August,Monday,No,Night,22:00,06:00,1.62
2025-08-12,2025,Q3,8,August,Tuesday,No,Morning,06:00,14:00,1.621
2025-08-12,2025,Q3,8,August,Tuesday,No,Afternoon,14:00,22:00,1.621
2025-08-12,2025,Q3,8,August,Tuesday,No,Night,22:00,06:00,1.621
2025-08-13,2025,Q3,8,August,Wednesday,No,Morning,06:00,14:00,1.621
2025-08-13,2025,Q3,8,August,Wednesday,No,Afternoon,14:00,22:00,1.621
2025-08-13,2025,Q3,8,August,Wednesday,No,Night,22:00,06:00,1.621
2025-08-14,2025,Q3,8,August,Thursday,No,Morning,06:00,14:00,1.621
2025-08-14,2025,Q3,8,August,Thursday,No,Afternoon,14:00,22:00,1.621
2025-08-14,2025,Q3,8,August,Thursday,No,Night,22:00,06:00,1.621
2025-08-15,2025,Q3,8,August,Friday,No,Morning,06:00,14:00,1.621
2025-08-15,2025,Q3,8,August,Friday,No,Afternoon,14:00,22:00,1.621
2025-08-15,2025,Q3,8,August,Friday,No,Night,22:00,06:00,1.621
2025-08-16,2025,Q3,8,August,Saturday,Yes,Morning,06:00,14:00,1.621
2025-08-16,2025,Q3,8,August,Saturday,Yes,Afternoon,14:00,22:00,1.621
2025-08-16,2025,Q3,8,August,Saturday,Yes,Night,22:00,06:00,1.621
2025-08-17,2025,Q3,8,August,Sunday,Yes,Morning,06:00,14:00,0.73
2025-08-17,2025,Q3,8,August,Sunday,Yes,Afternoon,14:00,22:00,0.73
2025-08-17,2025,Q3,8,August,Sunday,Yes,Night,22:00,06:00,0.73
2025-08-18,2025,Q3,8,August,Monday,No,Morning,06:00,14:00,1.622
2025-08-18,2025,Q3,8,August,Monday,No,Afternoon,14:00,22:00,1.622
2025-08-18,2025,Q3,8,August,Monday,No,Night,22:00,06:00,1.622
2025-08-19,2025,Q3,8,August,Tuesday,No,Morning,06:00,14:00,1.622
2025-08-19,2025,Q3,8,August,Tuesday,No,Afternoon,14:00,22:00,1.622
2025-08-19,2025,Q3,8,August,Tuesday,No,Night,22:00,06:00,1.622
2025-08-20,2025,Q3,8,August,Wednesday,No,Morning,06:00,14:00,1.622
2025-08-20,2025,Q3,8,August,Wednesday,No,Afternoon,14:00,22:00,1.622
2025-08-20,2025,Q3,8,August,Wednesday,No,Night,22:00,06:00,1.622
2025-08-21,2025,Q3,8,August,Thursday,No,Morning,06:00,14:00,1.622
2025-08-21,2025,Q3,8,August,Thursday,No,Afternoon,14:00,22:00,1.622
2025-08-21,2025,Q3,8,August,Thursday,No,Night,22:00,06:00,1.622
2025-08-22,2025,Q3,8,August,Friday,No,Morning,06:00,14:00,1.622
2025-08-22,2025,Q3,8,August,Friday,No,Afternoon,14:00,22:00,1.622
2025-08-22,2025,Q3,8,August,Friday,No,Night,22:00,06:00,1.622
2025-08-23,2025,Q3,8,August,Saturday,Yes,Morning,06:00,14:00,1.623
2025-08-23,2025,Q3,8,August,Saturday,Yes,Afternoon,14:00,22:00,1.623
2025-08-23,2025,Q3,8,August,Saturday,Yes,Night,22:00,06:00,1.623
2025-08-24,2025,Q3,8,August,Sunday,Yes,Morning,06:00,14:00,0.73
2025-08-24,2025,Q3,8,August,Sunday,Yes,Afternoon,14:00,22:00,0.73
2025-08-24,2025,Q3,8,August,Sunday,Yes,Night,22:00,06:00,0.73
2025-08-25,2025,Q3,8,August,Monday,No,Morning,06:00,14:00,1.623
2025-08-25,2025,Q3,8,August,Monday,No,Afternoon,14:00,22:00,1.623
2025-08-25,2025,Q3,8,August,Monday,No,Night,22:00,06:00,1.623
2025-08-26,2025,Q3,8,August,Tuesday,No,Morning,06:00,14:00,1.623
2025-08-26,2025,Q3,8,August,Tuesday,No,Afternoon,14:00,22:00,1.623
2025-08-26,2025,Q3,8,August,Tuesday,No,Night,22:00,06:00,1.623
2025-08-27,2025,Q3,8,August,Wednesday,No,Morning,06:00,14:00,1.623
2025-08-27,2025,Q3,8,August,Wednesday,No,Afternoon,14:00,22:00,1.623
2025-08-27,2025,Q3,8,August,Wednesday,No,Night,22:00,06:00,1.623
2025-08-28,2025,Q3,8,August,Thursday,No,Morning,06:00,14:00,1.623
2025-08-28,2025,Q3,8,August,Thursday,No,Afternoon,14:00,22:00,1.623
2025-08-28,2025,Q3,8,August,Thursday,No,Night,22:00,06:00,1.623
2025-08-29,2025,Q3,8,August,Friday,No,Morning,06:00,14:00,1.624
2025-08-29,2025,Q3,8,August,Friday,No,Afternoon,14:00,22:00,1.624
2025-08-29,2025,Q3,8,August,Friday,No,Night,22:00,06:00,1.624
2025-08-30,2025,Q3,8,August,Saturday,Yes,Morning,06:00,14:00,1.624
2025-08-30,2025,Q3,8,August,Saturday,Yes,Afternoon,14:00,22:00,1.624
2025-08-30,2025,Q3,8,August,Saturday,Yes,Night,22:00,06:00,1.624
2025-08-31,2025,Q3,8,August,Sunday,Yes,Morning,06:00,14:00,0.731
2025-08-31,2025,Q3,8,August,Sunday,Yes,Afternoon,14:00,22:00,0.731
2025-08-31,2025,Q3,8,August,Sunday,Yes,Night,22:00,06:00,0.731
2025-09-01,2025,Q3,9,September,Monday,No,Morning,06:00,14:00,1.736
2025-09-01,2025,Q3,9,September,Monday,No,Afternoon,14:00,22:00,1.736
2025-09-01,2025,Q3,9,September,Monday,No,Night,22:00,06:00,1.736
2025-09-02,2025,Q3,9,September,Tuesday,No,Morning,06:00,14:00,1.736
2025-09-02,2025,Q3,9,September,Tuesday,No,Afternoon,14:00,22:00,1.736
2025-09-02,2025,Q3,9,September,Tuesday,No,Night,22:00,06:00,1.736
2025-09-03,2025,Q3,9,September,Wednesday,No,Morning,06:00,14:00,1.737
2025-09-03,2025,Q3,9,September,Wednesday,No,Afternoon,14:00,22:00,1.737
2025-09-03,2025,Q3,9,September,Wednesday,No,Night,22:00,06:00,1.737
2025-09-04,2025,Q3,9,September,Thursday,No,Morning,06:00,14:00,1.737
2025-09-04,2025,Q3,9,September,Thursday,No,Afternoon,14:00,22:00,1.737
2025-09-04,2025,Q3,9,September,Thursday,No,Night,22:00,06:00,1.737
2025-09-05,2025,Q3,9,September,Friday,No,Morning,06:00,14:00,1.737
2025-09-05,2025,Q3,9,September,Friday,No,Afternoon,14:00,22:00,1.737
2025-09-05,2025,Q3,9,September,Friday,No,Night,22:00,06:00,1.737
2025-09-06,2025,Q3,9,September,Saturday,Yes,Morning,06:00,14:00,1.737
2025-09-06,2025,Q3,9,September,Saturday,Yes,Afternoon,14:00,22:00,1.737
2025-09-06,2025,Q3,9,September,Saturday,Yes,Night,22:00,06:00,1.737
2025-09-07,2025,Q3,9,September,Sunday,Yes,Morning,06:00,14:00,0.782
2025-09-07,2025,Q3,9,September,Sunday,Yes,Afternoon,14:00,22:00,0.782
2025-09-07,2025,Q3,9,September,Sunday,Yes,Night,22:00,06:00,0.782
2025-09-08,2025,Q3,9,September,Monday,No,Morning,06:00,14:00,1.737
2025-09-08,2025,Q3,9,September,Monday,No,Afternoon,14:00,22:00,1.737
2025-09-08,2025,Q3,9,September,Monday,No,Night,22:00,06:00,1.737
2025-09-09,2025,Q3,9,September,Tuesday,No,Morning,06:00,14:00,1.738
2025-09-09,2025,Q3,9,September,Tuesday,No,Afternoon,14:00,22:00,1.738
2025-09-09,2025,Q3,9,September,Tuesday,No,Night,22:00,06:00,1.738
2025-09-10,2025,Q3,9,September,Wednesday,No,Morning,06:00,14:00,1.946
2025-09-10,2025,Q3,9,September,Wednesday,No,Afternoon,14:00,22:00,1.946
2025-09-10,2025,Q3,9,September,Wednesday,No,Night,22:00,06:00,1.946
2025-09-11,2025,Q3,9,September,Thursday,No,Morning,06:00,14:00,1.947
2025-09-11,2025,Q3,9,September,Thursday,No,Afternoon,14:00,22:00,1.947
2025-09-11,2025,Q3,9,September,Thursday,No,Night,22:00,06:00,1.947
2025-09-12,2025,Q3,9,September,Friday,No,Morning,06:00,14:00,1.947
2025-09-12,2025,Q3,9,September,Friday,No,Afternoon,14:00,22:00,1.947
2025-09-12,2025,Q3,9,September,Friday,No,Night,22:00,06:00,1.947
2025-09-13,2025,Q3,9,September,Saturday,Yes,Morning,06:00,14:00,1.947
2025-09-13,2025,Q3,9,September,Saturday,Yes,Afternoon,14:00,22:00,1.947
2025-09-13,2025,Q3,9,September,Saturday,Yes,Night,22:00,06:00,1.947
2025-09-14,2025,Q3,9,September,Sunday,Yes,Morning,06:00,14:00,0.876
2025-09-14,2025,Q3,9,September,Sunday,Yes,Afternoon,14:00,22:00,0.876
2025-09-14,2025,Q3,9,September,Sunday,Yes,Night,22:00,06:00,0.876
2025-09-15,2025,Q3,9,September,Monday,No,Morning,06:00,14:00,1.947
2025-09-15,2025,Q3,9,September,Monday,No,Afternoon,14:00,22:00,1.947
2025-09-15,2025,Q3,9,September,Monday,No,Night,22:00,06:00,1.947
2025-09-16,2025,Q3,9,September,Tuesday,No,Morning,06:00,14:00,1.948
2025-09-16,2025,Q3,9,September,Tuesday,No,Afternoon,14:00,22:00,1.948
2025-09-16,2025,Q3,9,September,Tuesday,No,Night,22:00,06:00,1.948
2025-09-17,2025,Q3,9,September,Wednesday,No,Morning,06:00,14:00,1.948
2025-09-17,2025,Q3,9,September,Wednesday,No,Afternoon,14:00,22:00,1.948
2025-09-17,2025,Q3,9,September,Wednesday,No,Night,22:00,06:00,1.948
2025-09-18,2025,Q3,9,September,Thursday,No,Morning,06:00,14:00,1.948
2025-09-18,2025,Q3,9,September,Thursday,No,Afternoon,14:00,22:00,1.948
2025-09-18,2025,Q3,9,September,Thursday,No,Night,22:00,06:00,1.948
2025-09-19,2025,Q3,9,September,Friday,No,Morning,06:00,14:00,1.948
2025-09-19,2025,Q3,9,September,Friday,No,Afternoon,14:00,22:00,1.948
2025-09-19,2025,Q3,9,September,Friday,No,Night,22:00,06:00,1.948
2025-09-20,2025,Q3,9,September,Saturday,Yes,Morning,06:00,14:00,1.949
2025-09-20,2025,Q3,9,September,Saturday,Yes,Afternoon,14:00,22:00,1.949
2025-09-20,2025,Q3,9,September,Saturday,Yes,Night,22:00,06:00,1.949
2025-09-21,2025,Q3,9,September,Sunday,Yes,Morning,06:00,14:00,0.877
2025-09-21,2025,Q3,9,September,Sunday,Yes,Afternoon,14:00,22:00,0.877
2025-09-21,2025,Q3,9,September,Sunday,Yes,Night,22:00,06:00,0.877
2025-09-22,2025,Q3,9,September,Monday,No,Morning,06:00,14:00,1.949
2025-09-22,2025,Q3,9,September,Monday,No,Afternoon,14:00,22:00,1.949
2025-09-22,2025,Q3,9,September,Monday,No,Night,22:00,06:00,1.949
2025-09-23,2025,Q3,9,September,Tuesday,No,Morning,06:00,14:00,1.949
2025-09-23,2025,Q3,9,September,Tuesday,No,Afternoon,14:00,22:00,1.949
2025-09-23,2025,Q3,9,September,Tuesday,No,Night,22:00,06:00,1.949
2025-09-24,2025,Q3,9,September,Wednesday,No,Morning,06:00,14:00,1.949
2025-09-24,2025,Q3,9,September,Wednesday,No,Afternoon,14:00,22:00,1.949
2025-09-24,2025,Q3,9,September,Wednesday,No,Night,22:00,06:00,1.949
2025-09-25,2025,Q3,9,September,Thursday,No,Morning,06:00,14:00,1.95
2025-09-25,2025,Q3,9,September,Thursday,No,Afternoon,14:00,22:00,1.95
2025-09-25,2025,Q3,9,September,Thursday,No,Night,22:00,06:00,1.95
2025-09-26,2025,Q3,9,September,Friday,No,Morning,06:00,14:00,1.95
2025-09-26,2025,Q3,9,September,Friday,No,Afternoon,14:00,22:00,1.95
2025-09-26,2025,Q3,9,September,Friday,No,Night,22:00,06:00,1.95
2025-09-27,2025,Q3,9,September,Saturday,Yes,Morning,06:00,14:00,1.95
2025-09-27,2025,Q3,9,September,Saturday,Yes,Afternoon,14:00,22:00,1.95
2025-09-27,2025,Q3,9,September,Saturday,Yes,Night,22:00,06:00,1.95
2025-09-28,2025,Q3,9,September,Sunday,Yes,Morning,06:00,14:00,0.878
2025-09-28,2025,Q3,9,September,Sunday,Yes,Afternoon,14:00,22:00,0.878
2025-09-28,2025,Q3,9,September,Sunday,Yes,Night,22:00,06:00,0.878
2025-09-29,2025,Q3,9,September,Monday,No,Morning,06:00,14:00,1.95
2025-09-29,2025,Q3,9,September,Monday,No,Afternoon,14:00,22:00,1.95
2025-09-29,2025,Q3,9,September,Monday,No,Night,22:00,06:00,1.95
2025-09-30,2025,Q3,9,September,Tuesday,No,Morning,06:00,14:00,1.951
2025-09-30,2025,Q3,9,September,Tuesday,No,Afternoon,14:00,22:00,1.951
2025-09-30,2025,Q3,9,September,Tuesday,No,Night,22:00,06:00,1.951
2025-10-01,2025,Q4,10,October,Wednesday,No,Morning,06:00,14:00,1.762
2025-10-01,2025,Q4,10,October,Wednesday,No,Afternoon,14:00,22:00,1.762
2025-10-01,2025,Q4,10,October,Wednesday,No,Night,22:00,06:00,1.762
2025-10-02,2025,Q4,10,October,Thursday,No,Morning,06:00,14:00,1.762
2025-10-02,2025,Q4,10,October,Thursday,No,Afternoon,14:00,22:00,1.762
2025-10-02,2025,Q4,10,October,Thursday,No,Night,22:00,06:00,1.762
2025-10-03,2025,Q4,10,October,Friday,No,Morning,06:00,14:00,1.762
2025-10-03,2025,Q4,10,October,Friday,No,Afternoon,14:00,22:00,1.762
2025-10-03,2025,Q4,10,October,Friday,No,Night,22:00,06:00,1.762
2025-10-04,2025,Q4,10,October,Saturday,Yes,Morning,06:00,14:00,1.763
2025-10-04,2025,Q4,10,October,Saturday,Yes,Afternoon,14:00,22:00,1.763
2025-10-04,2025,Q4,10,October,Saturday,Yes,Night,22:00,06:00,1.763
2025-10-05,2025,Q4,10,October,Sunday,Yes,Morning,06:00,14:00,0.793
2025-10-05,2025,Q4,10,October,Sunday,Yes,Afternoon,14:00,22:00,0.793
2025-10-05,2025,Q4,10,October,Sunday,Yes,Night,22:00,06:00,0.793
2025-10-06,2025,Q4,10,October,Monday,No,Morning,06:00,14:00,1.763
2025-10-06,2025,Q4,10,October,Monday,No,Afternoon,14:00,22:00,1.763
2025-10-06,2025,Q4,10,October,Monday,No,Night,22:00,06:00,1.763
2025-10-07,2025,Q4,10,October,Tuesday,No,Morning,06:00,14:00,1.763
2025-10-07,2025,Q4,10,October,Tuesday,No,Afternoon,14:00,22:00,1.763
2025-10-07,2025,Q4,10,October,Tuesday,No,Night,22:00,06:00,1.763
2025-10-08,2025,Q4,10,October,Wednesday,No,Morning,06:00,14:00,1.763
2025-10-08,2025,Q4,10,October,Wednesday,No,Afternoon,14:00,22:00,1.763
2025-10-08,2025,Q4,10,October,Wednesday,No,Night,22:00,06:00,1.763
2025-10-09,2025,Q4,10,October,Thursday,No,Morning,06:00,14:00,1.764
2025-10-09,2025,Q4,10,October,Thursday,No,Afternoon,14:00,22:00,1.764
2025-10-09,2025,Q4,10,October,Thursday,No,Night,22:00,06:00,1.764
2025-10-10,2025,Q4,10,October,Friday,No,Morning,06:00,14:00,1.764
2025-10-10,2025,Q4,10,October,Friday,No,Afternoon,14:00,22:00,1.764
2025-10-10,2025,Q4,10,October,Friday,No,Night,22:00,06:00,1.764
2025-10-11,2025,Q4,10,October,Saturday,Yes,Morning,06:00,14:00,1.764
2025-10-11,2025,Q4,10,October,Saturday,Yes,Afternoon,14:00,22:00,1.764
2025-10-11,2025,Q4,10,October,Saturday,Yes,Night,22:00,06:00,1.764
2025-10-12,2025,Q4,10,October,Sunday,Yes,Morning,06:00,14:00,0.794
2025-10-12,2025,Q4,10,October,Sunday,Yes,Afternoon,14:00,22:00,0.794
2025-10-12,2025,Q4,10,October,Sunday,Yes,Night,22:00,06:00,0.794
2025-10-13,2025,Q4,10,October,Monday,No,Morning,06:00,14:00,1.764
2025-10-13,2025,Q4,10,October,Monday,No,Afternoon,14:00,22:00,1.764
2025-10-13,2025,Q4,10,October,Monday,No,Night,22:00,06:00,1.764
2025-10-14,2025,Q4,10,October,Tuesday,No,Morning,06:00,14:00,1.765
2025-10-14,2025,Q4,10,October,Tuesday,No,Afternoon,14:00,22:00,1.765
2025-10-14,2025,Q4,10,October,Tuesday,No,Night,22:00,06:00,1.765
2025-10-15,2025,Q4,10,October,Wednesday,No,Morning,06:00,14:00,1.765
2025-10-15,2025,Q4,10,October,Wednesday,No,Afternoon,14:00,22:00,1.765
2025-10-15,2025,Q4,10,October,Wednesday,No,Night,22:00,06:00,1.765
2025-10-16,2025,Q4,10,October,Thursday,No,Morning,06:00,14:00,1.765
2025-10-16,2025,Q4,10,October,Thursday,No,Afternoon,14:00,22:00,1.765
2025-10-16,2025,Q4,10,October,Thursday,No,Night,22:00,06:00,1.765
2025-10-17,2025,Q4,10,October,Friday,No,Morning,06:00,14:00,1.765
2025-10-17,2025,Q4,10,October,Friday,No,Afternoon,14:00,22:00,1.765
2025-10-17,2025,Q4,10,October,Friday,No,Night,22:00,06:00,1.765
2025-10-18,2025,Q4,10,October,Saturday,Yes,Morning,06:00,14:00,1.765
2025-10-18,2025,Q4,10,October,Saturday,Yes,Afternoon,14:00,22:00,1.765
2025-10-18,2025,Q4,10,October,Saturday,Yes,Night,22:00,06:00,1.765
2025-10-19,2025,Q4,10,October,Sunday,Yes,Morning,06:00,14:00,0.795
2025-10-19,2025,Q4,10,October,Sunday,Yes,Afternoon,14:00,22:00,0.795
2025-10-19,2025,Q4,10,October,Sunday,Yes,Night,22:00,06:00,0.795
2025-10-20,2025,Q4,10,October,Monday,No,Morning,06:00,14:00,1.766
2025-10-20,2025,Q4,10,October,Monday,No,Afternoon,14:00,22:00,1.766
2025-10-20,2025,Q4,10,October,Monday,No,Night,22:00,06:00,1.766
2025-10-21,2025,Q4,10,October,Tuesday,No,Morning,06:00,14:00,1.577
2025-10-21,2025,Q4,10,October,Tuesday,No,Afternoon,14:00,22:00,1.577
2025-10-21,2025,Q4,10,October,Tuesday,No,Night,22:00,06:00,1.577
2025-10-22,2025,Q4,10,October,Wednesday,No,Morning,06:00,14:00,1.577
2025-10-22,2025,Q4,10,October,Wednesday,No,Afternoon,14:00,22:00,1.577
2025-10-22,2025,Q4,10,October,Wednesday,No,Night,22:00,06:00,1.577
2025-10-23,2025,Q4,10,October,Thursday,No,Morning,06:00,14:00,1.577
2025-10-23,2025,Q4,10,October,Thursday,No,Afternoon,14:00,22:00,1.577
2025-10-23,2025,Q4,10,October,Thursday,No,Night,22:00,06:00,1.577
2025-10-24,2025,Q4,10,October,Friday,No,Morning,06:00,14:00,1.577
2025-10-24,2025,Q4,10,October,Friday,No,Afternoon,14:00,22:00,1.577
2025-10-24,2025,Q4,10,October,Friday,No,Night,22:00,06:00,1.577
2025-10-25,2025,Q4,10,October,Saturday,Yes,Morning,06:00,14:00,1.577
2025-10-25,2025,Q4,10,October,Saturday,Yes,Afternoon,14:00,22:00,1.577
2025-10-25,2025,Q4,10,October,Saturday,Yes,Night,22:00,06:00,1.577
2025-10-26,2025,Q4,10,October,Sunday,Yes,Morning,06:00,14:00,0.71
2025-10-26,2025,Q4,10,October,Sunday,Yes,Afternoon,14:00,22:00,0.71
2025-10-26,2025,Q4,10,October,Sunday,Yes,Night,22:00,06:00,0.71
2025-10-27,2025,Q4,10,October,Monday,No,Morning,06:00,14:00,1.578
2025-10-27,2025,Q4,10,October,Monday,No,Afternoon,14:00,22:00,1.578
2025-10-27,2025,Q4,10,October,Monday,No,Night,22:00,06:00,1.578
2025-10-28,2025,Q4,10,October,Tuesday,No,Morning,06:00,14:00,1.578
2025-10-28,2025,Q4,10,October,Tuesday,No,Afternoon,14:00,22:00,1.578
2025-10-28,2025,Q4,10,October,Tuesday,No,Night,22:00,06:00,1.578
2025-10-29,2025,Q4,10,October,Wednesday,No,Morning,06:00,14:00,1.578
2025-10-29,2025,Q4,10,October,Wednesday,No,Afternoon,14:00,22:00,1.578
2025-10-29,2025,Q4,10,October,Wednesday,No,Night,22:00,06:00,1.578
2025-10-30,2025,Q4,10,October,Thursday,No,Morning,06:00,14:00,1.578
2025-10-30,2025,Q4,10,October,Thursday,No,Afternoon,14:00,22:00,1.578
2025-10-30,2025,Q4,10,October,Thursday,No,Night,22:00,06:00,1.578
2025-10-31,2025,Q4,10,October,Friday,No,Morning,06:00,14:00,1.578
2025-10-31,2025,Q4,10,October,Friday,No,Afternoon,14:00,22:00,1.578
2025-10-31,2025,Q4,10,October,Friday,No,Night,22:00,06:00,1.578
2025-11-01,2025,Q4,11,November,Saturday,Yes,Morning,06:00,14:00,1.24
2025-11-01,2025,Q4,11,November,Saturday,Yes,Afternoon,14:00,22:00,1.24
2025-11-01,2025,Q4,11,November,Saturday,Yes,Night,22:00,06:00,1.24
2025-11-02,2025,Q4,11,November,Sunday,Yes,Morning,06:00,14:00,0.558
2025-11-02,2025,Q4,11,November,Sunday,Yes,Afternoon,14:00,22:00,0.558
2025-11-02,2025,Q4,11,November,Sunday,Yes,Night,22:00,06:00,0.558
2025-11-03,2025,Q4,11,November,Monday,No,Morning,06:00,14:00,1.241
2025-11-03,2025,Q4,11,November,Monday,No,Afternoon,14:00,22:00,1.241
2025-11-03,2025,Q4,11,November,Monday,No,Night,22:00,06:00,1.241
2025-11-04,2025,Q4,11,November,Tuesday,No,Morning,06:00,14:00,1.241
2025-11-04,2025,Q4,11,November,Tuesday,No,Afternoon,14:00,22:00,1.241
2025-11-04,2025,Q4,11,November,Tuesday,No,Night,22:00,06:00,1.241
2025-11-05,2025,Q4,11,November,Wednesday,No,Morning,06:00,14:00,1.241
2025-11-05,2025,Q4,11,November,Wednesday,No,Afternoon,14:00,22:00,1.241
2025-11-05,2025,Q4,11,November,Wednesday,No,Night,22:00,06:00,1.241
2025-11-06,2025,Q4,11,November,Thursday,No,Morning,06:00,14:00,1.241
2025-11-06,2025,Q4,11,November,Thursday,No,Afternoon,14:00,22:00,1.241
2025-11-06,2025,Q4,11,November,Thursday,No,Night,22:00,06:00,1.241
2025-11-07,2025,Q4,11,November,Friday,No,Morning,06:00,14:00,1.241
2025-11-07,2025,Q4,11,November,Friday,No,Afternoon,14:00,22:00,1.241
2025-11-07,2025,Q4,11,November,Friday,No,Night,22:00,06:00,1.241
2025-11-08,2025,Q4,11,November,Saturday,Yes,Morning,06:00,14:00,1.241
2025-11-08,2025,Q4,11,November,Saturday,Yes,Afternoon,14:00,22:00,1.241
2025-11-08,2025,Q4,11,November,Saturday,Yes,Night,22:00,06:00,1.241
2025-11-09,2025,Q4,11,November,Sunday,Yes,Morning,06:00,14:00,0.559
2025-11-09,2025,Q4,11,November,Sunday,Yes,Afternoon,14:00,22:00,0.559
2025-11-09,2025,Q4,11,November,Sunday,Yes,Night,22:00,06:00,0.559
2025-11-10,2025,Q4,11,November,Monday,No,Morning,06:00,14:00,1.242
2025-11-10,2025,Q4,11,November,Monday,No,Afternoon,14:00,22:00,1.242
2025-11-10,2025,Q4,11,November,Monday,No,Night,22:00,06:00,1.242
2025-11-11,2025,Q4,11,November,Tuesday,No,Morning,06:00,14:00,1.242
2025-11-11,2025,Q4,11,November,Tuesday,No,Afternoon,14:00,22:00,1.242
2025-11-11,2025,Q4,11,November,Tuesday,No,Night,22:00,06:00,1.242
2025-11-12,2025,Q4,11,November,Wednesday,No,Morning,06:00,14:00,1.242
2025-11-12,2025,Q4,11,November,Wednesday,No,Afternoon,14:00,22:00,1.242
2025-11-12,2025,Q4,11,November,Wednesday,No,Night,22:00,06:00,1.242
2025-11-13,2025,Q4,11,November,Thursday,No,Morning,06:00,14:00,1.242
2025-11-13,2025,Q4,11,November,Thursday,No,Afternoon,14:00,22:00,1.242
2025-11-13,2025,Q4,11,November,Thursday,No,Night,22:00,06:00,1.242
2025-11-14,2025,Q4,11,November,Friday,No,Morning,06:00,14:00,1.242
2025-11-14,2025,Q4,11,November,Friday,No,Afternoon,14:00,22:00,1.242
2025-11-14,2025,Q4,11,November,Friday,No,Night,22:00,06:00,1.242
2025-11-15,2025,Q4,11,November,Saturday,Yes,Morning,06:00,14:00,1.242
2025-11-15,2025,Q4,11,November,Saturday,Yes,Afternoon,14:00,22:00,1.242
2025-11-15,2025,Q4,11,November,Saturday,Yes,Night,22:00,06:00,1.242
2025-11-16,2025,Q4,11,November,Sunday,Yes,Morning,06:00,14:00,0.559
2025-11-16,2025,Q4,11,November,Sunday,Yes,Afternoon,14:00,22:00,0.559
2025-11-16,2025,Q4,11,November,Sunday,Yes,Night,22:00,06:00,0.559
2025-11-17,2025,Q4,11,November,Monday,No,Morning,06:00,14:00,1.243
2025-11-17,2025,Q4,11,November,Monday,No,Afternoon,14:00,22:00,1.243
2025-11-17,2025,Q4,11,November,Monday,No,Night,22:00,06:00,1.243
2025-11-18,2025,Q4,11,November,Tuesday,No,Morning,06:00,14:00,1.243
2025-11-18,2025,Q4,11,November,Tuesday,No,Afternoon,14:00,22:00,1.243
2025-11-18,2025,Q4,11,November,Tuesday,No,Night,22:00,06:00,1.243
2025-11-19,2025,Q4,11,November,Wednesday,No,Morning,06:00,14:00,1.243
2025-11-19,2025,Q4,11,November,Wednesday,No,Afternoon,14:00,22:00,1.243
2025-11-19,2025,Q4,11,November,Wednesday,No,Night,22:00,06:00,1.243
2025-11-20,2025,Q4,11,November,Thursday,No,Morning,06:00,14:00,1.243
2025-11-20,2025,Q4,11,November,Thursday,No,Afternoon,14:00,22:00,1.243
2025-11-20,2025,Q4,11,November,Thursday,No,Night,22:00,06:00,1.243
2025-11-21,2025,Q4,11,November,Friday,No,Morning,06:00,14:00,1.243
2025-11-21,2025,Q4,11,November,Friday,No,Afternoon,14:00,22:00,1.243
2025-11-21,2025,Q4,11,November,Friday,No,Night,22:00,06:00,1.243
2025-11-22,2025,Q4,11,November,Saturday,Yes,Morning,06:00,14:00,1.243
2025-11-22,2025,Q4,11,November,Saturday,Yes,Afternoon,14:00,22:00,1.243
2025-11-22,2025,Q4,11,November,Saturday,Yes,Night,22:00,06:00,1.243
2025-11-23,2025,Q4,11,November,Sunday,Yes,Morning,06:00,14:00,0.56
2025-11-23,2025,Q4,11,November,Sunday,Yes,Afternoon,14:00,22:00,0.56
2025-11-23,2025,Q4,11,November,Sunday,Yes,Night,22:00,06:00,0.56
2025-11-24,2025,Q4,11,November,Monday,No,Morning,06:00,14:00,1.243
2025-11-24,2025,Q4,11,November,Monday,No,Afternoon,14:00,22:00,1.243
2025-11-24,2025,Q4,11,November,Monday,No,Night,22:00,06:00,1.243
2025-11-25,2025,Q4,11,November,Tuesday,No,Morning,06:00,14:00,1.244
2025-11-25,2025,Q4,11,November,Tuesday,No,Afternoon,14:00,22:00,1.244
2025-11-25,2025,Q4,11,November,Tuesday,No,Night,22:00,06:00,1.244
2025-11-26,2025,Q4,11,November,Wednesday,No,Morning,06:00,14:00,1.244
2025-11-26,2025,Q4,11,November,Wednesday,No,Afternoon,14:00,22:00,1.244
2025-11-26,2025,Q4,11,November,Wednesday,No,Night,22:00,06:00,1.244
2025-11-27,2025,Q4,11,November,Thursday,No,Morning,06:00,14:00,1.244
2025-11-27,2025,Q4,11,November,Thursday,No,Afternoon,14:00,22:00,1.244
2025-11-27,2025,Q4,11,November,Thursday,No,Night,22:00,06:00,1.244
2025-11-28,2025,Q4,11,November,Friday,No,Morning,06:00,14:00,1.244
2025-11-28,2025,Q4,11,November,Friday,No,Afternoon,14:00,22:00,1.244
2025-11-28,2025,Q4,11,November,Friday,No,Night,22:00,06:00,1.244
2025-11-29,2025,Q4,11,November,Saturday,Yes,Morning,06:00,14:00,1.244
2025-11-29,2025,Q4,11,November,Saturday,Yes,Afternoon,14:00,22:00,1.244
2025-11-29,2025,Q4,11,November,Saturday,Yes,Night,22:00,06:00,1.244
2025-11-30,2025,Q4,11,November,Sunday,Yes,Morning,06:00,14:00,0.56
2025-11-30,2025,Q4,11,November,Sunday,Yes,Afternoon,14:00,22:00,0.56
2025-11-30,2025,Q4,11,November,Sunday,Yes,Night,22:00,06:00,0.56
2025-12-01,2025,Q4,12,December,Monday,No,Morning,06:00,14:00,1.131
2025-12-01,2025,Q4,12,December,Monday,No,Afternoon,14:00,22:00,1.131
2025-12-01,2025,Q4,12,December,Monday,No,Night,22:00,06:00,1.131
2025-12-02,2025,Q4,12,December,Tuesday,No,Morning,06:00,14:00,1.131
2025-12-02,2025,Q4,12,December,Tuesday,No,Afternoon,14:00,22:00,1.131
2025-12-02,2025,Q4,12,December,Tuesday,No,Night,22:00,06:00,1.131
2025-12-03,2025,Q4,12,December,Wednesday,No,Morning,06:00,14:00,1.132
2025-12-03,2025,Q4,12,December,Wednesday,No,Afternoon,14:00,22:00,1.132
2025-12-03,2025,Q4,12,December,Wednesday,No,Night,22:00,06:00,1.132
2025-12-04,2025,Q4,12,December,Thursday,No,Morning,06:00,14:00,1.132
2025-12-04,2025,Q4,12,December,Thursday,No,Afternoon,14:00,22:00,1.132
2025-12-04,2025,Q4,12,December,Thursday,No,Night,22:00,06:00,1.132
2025-12-05,2025,Q4,12,December,Friday,No,Morning,06:00,14:00,1.132
2025-12-05,2025,Q4,12,December,Friday,No,Afternoon,14:00,22:00,1.132
2025-12-05,2025,Q4,12,December,Friday,No,Night,22:00,06:00,1.132
2025-12-06,2025,Q4,12,December,Saturday,Yes,Morning,06:00,14:00,1.132
2025-12-06,2025,Q4,12,December,Saturday,Yes,Afternoon,14:00,22:00,1.132
2025-12-06,2025,Q4,12,December,Saturday,Yes,Night,22:00,06:00,1.132
2025-12-07,2025,Q4,12,December,Sunday,Yes,Morning,06:00,14:00,0.509
2025-12-07,2025,Q4,12,December,Sunday,Yes,Afternoon,14:00,22:00,0.509
2025-12-07,2025,Q4,12,December,Sunday,Yes,Night,22:00,06:00,0.509
2025-12-08,2025,Q4,12,December,Monday,No,Morning,06:00,14:00,1.132
2025-12-08,2025,Q4,12,December,Monday,No,Afternoon,14:00,22:00,1.132
2025-12-08,2025,Q4,12,December,Monday,No,Night,22:00,06:00,1.132
2025-12-09,2025,Q4,12,December,Tuesday,No,Morning,06:00,14:00,1.132
2025-12-09,2025,Q4,12,December,Tuesday,No,Afternoon,14:00,22:00,1.132
2025-12-09,2025,Q4,12,December,Tuesday,No,Night,22:00,06:00,1.132
2025-12-10,2025,Q4,12,December,Wednesday,No,Morning,06:00,14:00,1.132
2025-12-10,2025,Q4,12,December,Wednesday,No,Afternoon,14:00,22:00,1.132
2025-12-10,2025,Q4,12,December,Wednesday,No,Night,22:00,06:00,1.132
2025-12-11,2025,Q4,12,December,Thursday,No,Morning,06:00,14:00,1.133
2025-12-11,2025,Q4,12,December,Thursday,No,Afternoon,14:00,22:00,1.133
2025-12-11,2025,Q4,12,December,Thursday,No,Night,22:00,06:00,1.133
2025-12-12,2025,Q4,12,December,Friday,No,Morning,06:00,14:00,1.133
2025-12-12,2025,Q4,12,December,Friday,No,Afternoon,14:00,22:00,1.133
2025-12-12,2025,Q4,12,December,Friday,No,Night,22:00,06:00,1.133
2025-12-13,2025,Q4,12,December,Saturday,Yes,Morning,06:00,14:00,1.133
2025-12-13,2025,Q4,12,December,Saturday,Yes,Afternoon,14:00,22:00,1.133
2025-12-13,2025,Q4,12,December,Saturday,Yes,Night,22:00,06:00,1.133
2025-12-14,2025,Q4,12,December,Sunday,Yes,Morning,06:00,14:00,0.51
2025-12-14,2025,Q4,12,December,Sunday,Yes,Afternoon,14:00,22:00,0.51
2025-12-14,2025,Q4,12,December,Sunday,Yes,Night,22:00,06:00,0.51
2025-12-15,2025,Q4,12,December,Monday,No,Morning,06:00,14:00,1.133
2025-12-15,2025,Q4,12,December,Monday,No,Afternoon,14:00,22:00,1.133
2025-12-15,2025,Q4,12,December,Monday,No,Night,22:00,06:00,1.133
2025-12-16,2025,Q4,12,December,Tuesday,No,Morning,06:00,14:00,1.133
2025-12-16,2025,Q4,12,December,Tuesday,No,Afternoon,14:00,22:00,1.133
2025-12-16,2025,Q4,12,December,Tuesday,No,Night,22:00,06:00,1.133
2025-12-17,2025,Q4,12,December,Wednesday,No,Morning,06:00,14:00,1.133
2025-12-17,2025,Q4,12,December,Wednesday,No,Afternoon,14:00,22:00,1.133
2025-12-17,2025,Q4,12,December,Wednesday,No,Night,22:00,06:00,1.133
2025-12-18,2025,Q4,12,December,Thursday,No,Morning,06:00,14:00,1.133
2025-12-18,2025,Q4,12,December,Thursday,No,Afternoon,14:00,22:00,1.133
2025-12-18,2025,Q4,12,December,Thursday,No,Night,22:00,06:00,1.133
2025-12-19,2025,Q4,12,December,Friday,No,Morning,06:00,14:00,1.134
2025-12-19,2025,Q4,12,December,Friday,No,Afternoon,14:00,22:00,1.134
2025-12-19,2025,Q4,12,December,Friday,No,Night,22:00,06:00,1.134
2025-12-20,2025,Q4,12,December,Saturday,Yes,Morning,06:00,14:00,1.134
2025-12-20,2025,Q4,12,December,Saturday,Yes,Afternoon,14:00,22:00,1.134
2025-12-20,2025,Q4,12,December,Saturday,Yes,Night,22:00,06:00,1.134
2025-12-21,2025,Q4,12,December,Sunday,Yes,Morning,06:00,14:00,0.51
2025-12-21,2025,Q4,12,December,Sunday,Yes,Afternoon,14:00,22:00,0.51
2025-12-21,2025,Q4,12,December,Sunday,Yes,Night,22:00,06:00,0.51
2025-12-22,2025,Q4,12,December,Monday,No,Morning,06:00,14:00,1.134
2025-12-22,2025,Q4,12,December,Monday,No,Afternoon,14:00,22:00,1.134
2025-12-22,2025,Q4,12,December,Monday,No,Night,22:00,06:00,1.134
2025-12-23,2025,Q4,12,December,Tuesday,No,Morning,06:00,14:00,1.134
2025-12-23,2025,Q4,12,December,Tuesday,No,Afternoon,14:00,22:00,1.134
2025-12-23,2025,Q4,12,December,Tuesday,No,Night,22:00,06:00,1.134
2025-12-24,2025,Q4,12,December,Wednesday,No,Morning,06:00,14:00,1.134
2025-12-24,2025,Q4,12,December,Wednesday,No,Afternoon,14:00,22:00,1.134
2025-12-24,2025,Q4,12,December,Wednesday,No,Night,22:00,06:00,1.134
2025-12-25,2025,Q4,12,December,Thursday,No,Morning,06:00,14:00,1.134
2025-12-25,2025,Q4,12,December,Thursday,No,Afternoon,14:00,22:00,1.134
2025-12-25,2025,Q4,12,December,Thursday,No,Night,22:00,06:00,1.134
2025-12-26,2025,Q4,12,December,Friday,No,Morning,06:00,14:00,1.134
2025-12-26,2025,Q4,12,December,Friday,No,Afternoon,14:00,22:00,1.134
2025-12-26,2025,Q4,12,December,Friday,No,Night,22:00,06:00,1.134
2025-12-27,2025,Q4,12,December,Saturday,Yes,Morning,06:00,14:00,1.135
2025-12-27,2025,Q4,12,December,Saturday,Yes,Afternoon,14:00,22:00,1.135
2025-12-27,2025,Q4,12,December,Saturday,Yes,Night,22:00,06:00,1.135
2025-12-28,2025,Q4,12,December,Sunday,Yes,Morning,06:00,14:00,0.511
2025-12-28,2025,Q4,12,December,Sunday,Yes,Afternoon,14:00,22:00,0.511
2025-12-28,2025,Q4,12,December,Sunday,Yes,Night,22:00,06:00,0.511
2025-12-29,2025,Q4,12,December,Monday,No,Morning,06:00,14:00,1.135
2025-12-29,2025,Q4,12,December,Monday,No,Afternoon,14:00,22:00,1.135
2025-12-29,2025,Q4,12,December,Monday,No,Night,22:00,06:00,1.135
2025-12-30,2025,Q4,12,December,Tuesday,No,Morning,06:00,14:00,1.135
2025-12-30,2025,Q4,12,December,Tuesday,No,Afternoon,14:00,22:00,1.135
2025-12-30,2025,Q4,12,December,Tuesday,No,Night,22:00,06:00,1.135
2025-12-31,2025,Q4,12,December,Wednesday,No,Morning,06:00,14:00,1.135
2025-12-31,2025,Q4,12,December,Wednesday,No,Afternoon,14:00,22:00,1.135
2025-12-31,2025,Q4,12,December,Wednesday,No,Night,22:00,06:00,1.135
2026-01-01,2026,Q1,1,January,Thursday,No,Morning,06:00,14:00,1.003
2026-01-01,2026,Q1,1,January,Thursday,No,Afternoon,14:00,22:00,1.003
2026-01-01,2026,Q1,1,January,Thursday,No,Night,22:00,06:00,1.003
2026-01-02,2026,Q1,1,January,Friday,No,Morning,06:00,14:00,1.003
2026-01-02,2026,Q1,1,January,Friday,No,Afternoon,14:00,22:00,1.003
2026-01-02,2026,Q1,1,January,Friday,No,Night,22:00,06:00,1.003
2026-01-03,2026,Q1,1,January,Saturday,Yes,Morning,06:00,14:00,1.003
2026-01-03,2026,Q1,1,January,Saturday,Yes,Afternoon,14:00,22:00,1.003
2026-01-03,2026,Q1,1,January,Saturday,Yes,Night,22:00,06:00,1.003
2026-01-04,2026,Q1,1,January,Sunday,Yes,Morning,06:00,14:00,0.452
2026-01-04,2026,Q1,1,January,Sunday,Yes,Afternoon,14:00,22:00,0.452
2026-01-04,2026,Q1,1,January,Sunday,Yes,Night,22:00,06:00,0.452
2026-01-05,2026,Q1,1,January,Monday,No,Morning,06:00,14:00,1.004
2026-01-05,2026,Q1,1,January,Monday,No,Afternoon,14:00,22:00,1.004
2026-01-05,2026,Q1,1,January,Monday,No,Night,22:00,06:00,1.004
2026-01-06,2026,Q1,1,January,Tuesday,No,Morning,06:00,14:00,1.004
2026-01-06,2026,Q1,1,January,Tuesday,No,Afternoon,14:00,22:00,1.004
2026-01-06,2026,Q1,1,January,Tuesday,No,Night,22:00,06:00,1.004
2026-01-07,2026,Q1,1,January,Wednesday,No,Morning,06:00,14:00,1.004
2026-01-07,2026,Q1,1,January,Wednesday,No,Afternoon,14:00,22:00,1.004
2026-01-07,2026,Q1,1,January,Wednesday,No,Night,22:00,06:00,1.004
2026-01-08,2026,Q1,1,January,Thursday,No,Morning,06:00,14:00,1.004
2026-01-08,2026,Q1,1,January,Thursday,No,Afternoon,14:00,22:00,1.004
2026-01-08,2026,Q1,1,January,Thursday,No,Night,22:00,06:00,1.004
2026-01-09,2026,Q1,1,January,Friday,No,Morning,06:00,14:00,1.004
2026-01-09,2026,Q1,1,January,Friday,No,Afternoon,14:00,22:00,1.004
2026-01-09,2026,Q1,1,January,Friday,No,Night,22:00,06:00,1.004
2026-01-10,2026,Q1,1,January,Saturday,Yes,Morning,06:00,14:00,1.004
2026-01-10,2026,Q1,1,January,Saturday,Yes,Afternoon,14:00,22:00,1.004
2026-01-10,2026,Q1,1,January,Saturday,Yes,Night,22:00,06:00,1.004
2026-01-11,2026,Q1,1,January,Sunday,Yes,Morning,06:00,14:00,0.452
2026-01-11,2026,Q1,1,January,Sunday,Yes,Afternoon,14:00,22:00,0.452
2026-01-11,2026,Q1,1,January,Sunday,Yes,Night,22:00,06:00,0.452
2026-01-12,2026,Q1,1,January,Monday,No,Morning,06:00,14:00,1.004
2026-01-12,2026,Q1,1,January,Monday,No,Afternoon,14:00,22:00,1.004
2026-01-12,2026,Q1,1,January,Monday,No,Night,22:00,06:00,1.004
2026-01-13,2026,Q1,1,January,Tuesday,No,Morning,06:00,14:00,0.552
2026-01-13,2026,Q1,1,January,Tuesday,No,Afternoon,14:00,22:00,0.552
2026-01-13,2026,Q1,1,January,Tuesday,No,Night,22:00,06:00,0.552
2026-01-14,2026,Q1,1,January,Wednesday,No,Morning,06:00,14:00,0.552
2026-01-14,2026,Q1,1,January,Wednesday,No,Afternoon,14:00,22:00,0.552
2026-01-14,2026,Q1,1,January,Wednesday,No,Night,22:00,06:00,0.552
2026-01-15,2026,Q1,1,January,Thursday,No,Morning,06:00,14:00,0.553
2026-01-15,2026,Q1,1,January,Thursday,No,Afternoon,14:00,22:00,0.553
2026-01-15,2026,Q1,1,January,Thursday,No,Night,22:00,06:00,0.553
2026-01-16,2026,Q1,1,January,Friday,No,Morning,06:00,14:00,0.553
2026-01-16,2026,Q1,1,January,Friday,No,Afternoon,14:00,22:00,0.553
2026-01-16,2026,Q1,1,January,Friday,No,Night,22:00,06:00,0.553
2026-01-17,2026,Q1,1,January,Saturday,Yes,Morning,06:00,14:00,0.553
2026-01-17,2026,Q1,1,January,Saturday,Yes,Afternoon,14:00,22:00,0.553
2026-01-17,2026,Q1,1,January,Saturday,Yes,Night,22:00,06:00,0.553
2026-01-18,2026,Q1,1,January,Sunday,Yes,Morning,06:00,14:00,0.249
2026-01-18,2026,Q1,1,January,Sunday,Yes,Afternoon,14:00,22:00,0.249
2026-01-18,2026,Q1,1,January,Sunday,Yes,Night,22:00,06:00,0.249
2026-01-19,2026,Q1,1,January,Monday,No,Morning,06:00,14:00,1.005
2026-01-19,2026,Q1,1,January,Monday,No,Afternoon,14:00,22:00,1.005
2026-01-19,2026,Q1,1,January,Monday,No,Night,22:00,06:00,1.005
2026-01-20,2026,Q1,1,January,Tuesday,No,Morning,06:00,14:00,1.005
2026-01-20,2026,Q1,1,January,Tuesday,No,Afternoon,14:00,22:00,1.005
2026-01-20,2026,Q1,1,January,Tuesday,No,Night,22:00,06:00,1.005
2026-01-21,2026,Q1,1,January,Wednesday,No,Morning,06:00,14:00,1.005
2026-01-21,2026,Q1,1,January,Wednesday,No,Afternoon,14:00,22:00,1.005
2026-01-21,2026,Q1,1,January,Wednesday,No,Night,22:00,06:00,1.005
2026-01-22,2026,Q1,1,January,Thursday,No,Morning,06:00,14:00,1.005
2026-01-22,2026,Q1,1,January,Thursday,No,Afternoon,14:00,22:00,1.005
2026-01-22,2026,Q1,1,January,Thursday,No,Night,22:00,06:00,1.005
2026-01-23,2026,Q1,1,January,Friday,No,Morning,06:00,14:00,1.005
2026-01-23,2026,Q1,1,January,Friday,No,Afternoon,14:00,22:00,1.005
2026-01-23,2026,Q1,1,January,Friday,No,Night,22:00,06:00,1.005
2026-01-24,2026,Q1,1,January,Saturday,Yes,Morning,06:00,14:00,1.006
2026-01-24,2026,Q1,1,January,Saturday,Yes,Afternoon,14:00,22:00,1.006
2026-01-24,2026,Q1,1,January,Saturday,Yes,Night,22:00,06:00,1.006
2026-01-25,2026,Q1,1,January,Sunday,Yes,Morning,06:00,14:00,0.453
2026-01-25,2026,Q1,1,January,Sunday,Yes,Afternoon,14:00,22:00,0.453
2026-01-25,2026,Q1,1,January,Sunday,Yes,Night,22:00,06:00,0.453
2026-01-26,2026,Q1,1,January,Monday,No,Morning,06:00,14:00,1.006
2026-01-26,2026,Q1,1,January,Monday,No,Afternoon,14:00,22:00,1.006
2026-01-26,2026,Q1,1,January,Monday,No,Night,22:00,06:00,1.006
2026-01-27,2026,Q1,1,January,Tuesday,No,Morning,06:00,14:00,1.006
2026-01-27,2026,Q1,1,January,Tuesday,No,Afternoon,14:00,22:00,1.006
2026-01-27,2026,Q1,1,January,Tuesday,No,Night,22:00,06:00,1.006
2026-01-28,2026,Q1,1,January,Wednesday,No,Morning,06:00,14:00,1.006
2026-01-28,2026,Q1,1,January,Wednesday,No,Afternoon,14:00,22:00,1.006
2026-01-28,2026,Q1,1,January,Wednesday,No,Night,22:00,06:00,1.006
2026-01-29,2026,Q1,1,January,Thursday,No,Morning,06:00,14:00,1.006
2026-01-29,2026,Q1,1,January,Thursday,No,Afternoon,14:00,22:00,1.006
2026-01-29,2026,Q1,1,January,Thursday,No,Night,22:00,06:00,1.006
2026-01-30,2026,Q1,1,January,Friday,No,Morning,06:00,14:00,1.006
2026-01-30,2026,Q1,1,January,Friday,No,Afternoon,14:00,22:00,1.006
2026-01-30,2026,Q1,1,January,Friday,No,Night,22:00,06:00,1.006
2026-01-31,2026,Q1,1,January,Saturday,Yes,Morning,06:00,14:00,1.006
2026-01-31,2026,Q1,1,January,Saturday,Yes,Afternoon,14:00,22:00,1.006
2026-01-31,2026,Q1,1,January,Saturday,Yes,Night,22:00,06:00,1.006
2026-02-01,2026,Q1,2,February,Sunday,Yes,Morning,06:00,14:00,0.453
2026-02-01,2026,Q1,2,February,Sunday,Yes,Afternoon,14:00,22:00,0.453
2026-02-01,2026,Q1,2,February,Sunday,Yes,Night,22:00,06:00,0.453
2026-02-02,2026,Q1,2,February,Monday,No,Morning,06:00,14:00,1.006
2026-02-02,2026,Q1,2,February,Monday,No,Afternoon,14:00,22:00,1.006
2026-02-02,2026,Q1,2,February,Monday,No,Night,22:00,06:00,1.006
2026-02-03,2026,Q1,2,February,Tuesday,No,Morning,06:00,14:00,1.007
2026-02-03,2026,Q1,2,February,Tuesday,No,Afternoon,14:00,22:00,1.007
2026-02-03,2026,Q1,2,February,Tuesday,No,Night,22:00,06:00,1.007
2026-02-04,2026,Q1,2,February,Wednesday,No,Morning,06:00,14:00,1.007
2026-02-04,2026,Q1,2,February,Wednesday,No,Afternoon,14:00,22:00,1.007
2026-02-04,2026,Q1,2,February,Wednesday,No,Night,22:00,06:00,1.007
2026-02-05,2026,Q1,2,February,Thursday,No,Morning,06:00,14:00,1.007
2026-02-05,2026,Q1,2,February,Thursday,No,Afternoon,14:00,22:00,1.007
2026-02-05,2026,Q1,2,February,Thursday,No,Night,22:00,06:00,1.007
2026-02-06,2026,Q1,2,February,Friday,No,Morning,06:00,14:00,1.007
2026-02-06,2026,Q1,2,February,Friday,No,Afternoon,14:00,22:00,1.007
2026-02-06,2026,Q1,2,February,Friday,No,Night,22:00,06:00,1.007
2026-02-07,2026,Q1,2,February,Saturday,Yes,Morning,06:00,14:00,1.007
2026-02-07,2026,Q1,2,February,Saturday,Yes,Afternoon,14:00,22:00,1.007
2026-02-07,2026,Q1,2,February,Saturday,Yes,Night,22:00,06:00,1.007
2026-02-08,2026,Q1,2,February,Sunday,Yes,Morning,06:00,14:00,0.453
2026-02-08,2026,Q1,2,February,Sunday,Yes,Afternoon,14:00,22:00,0.453
2026-02-08,2026,Q1,2,February,Sunday,Yes,Night,22:00,06:00,0.453
2026-02-09,2026,Q1,2,February,Monday,No,Morning,06:00,14:00,1.007
2026-02-09,2026,Q1,2,February,Monday,No,Afternoon,14:00,22:00,1.007
2026-02-09,2026,Q1,2,February,Monday,No,Night,22:00,06:00,1.007
2026-02-10,2026,Q1,2,February,Tuesday,No,Morning,06:00,14:00,1.007
2026-02-10,2026,Q1,2,February,Tuesday,No,Afternoon,14:00,22:00,1.007
2026-02-10,2026,Q1,2,February,Tuesday,No,Night,22:00,06:00,1.007
2026-02-11,2026,Q1,2,February,Wednesday,No,Morning,06:00,14:00,1.007
2026-02-11,2026,Q1,2,February,Wednesday,No,Afternoon,14:00,22:00,1.007
2026-02-11,2026,Q1,2,February,Wednesday,No,Night,22:00,06:00,1.007
2026-02-12,2026,Q1,2,February,Thursday,No,Morning,06:00,14:00,1.008
2026-02-12,2026,Q1,2,February,Thursday,No,Afternoon,14:00,22:00,1.008
2026-02-12,2026,Q1,2,February,Thursday,No,Night,22:00,06:00,1.008
2026-02-13,2026,Q1,2,February,Friday,No,Morning,06:00,14:00,1.008
2026-02-13,2026,Q1,2,February,Friday,No,Afternoon,14:00,22:00,1.008
2026-02-13,2026,Q1,2,February,Friday,No,Night,22:00,06:00,1.008
2026-02-14,2026,Q1,2,February,Saturday,Yes,Morning,06:00,14:00,1.008
2026-02-14,2026,Q1,2,February,Saturday,Yes,Afternoon,14:00,22:00,1.008
2026-02-14,2026,Q1,2,February,Saturday,Yes,Night,22:00,06:00,1.008
2026-02-15,2026,Q1,2,February,Sunday,Yes,Morning,06:00,14:00,0.454
2026-02-15,2026,Q1,2,February,Sunday,Yes,Afternoon,14:00,22:00,0.454
2026-02-15,2026,Q1,2,February,Sunday,Yes,Night,22:00,06:00,0.454
2026-02-16,2026,Q1,2,February,Monday,No,Morning,06:00,14:00,1.008
2026-02-16,2026,Q1,2,February,Monday,No,Afternoon,14:00,22:00,1.008
2026-02-16,2026,Q1,2,February,Monday,No,Night,22:00,06:00,1.008
2026-02-17,2026,Q1,2,February,Tuesday,No,Morning,06:00,14:00,1.008
2026-02-17,2026,Q1,2,February,Tuesday,No,Afternoon,14:00,22:00,1.008
2026-02-17,2026,Q1,2,February,Tuesday,No,Night,22:00,06:00,1.008
2026-02-18,2026,Q1,2,February,Wednesday,No,Morning,06:00,14:00,1.008
2026-02-18,2026,Q1,2,February,Wednesday,No,Afternoon,14:00,22:00,1.008
2026-02-18,2026,Q1,2,February,Wednesday,No,Night,22:00,06:00,1.008
2026-02-19,2026,Q1,2,February,Thursday,No,Morning,06:00,14:00,1.008
2026-02-19,2026,Q1,2,February,Thursday,No,Afternoon,14:00,22:00,1.008
2026-02-19,2026,Q1,2,February,Thursday,No,Night,22:00,06:00,1.008
2026-02-20,2026,Q1,2,February,Friday,No,Morning,06:00,14:00,1.008
2026-02-20,2026,Q1,2,February,Friday,No,Afternoon,14:00,22:00,1.008
2026-02-20,2026,Q1,2,February,Friday,No,Night,22:00,06:00,1.008
2026-02-21,2026,Q1,2,February,Saturday,Yes,Morning,06:00,14:00,1.008
2026-02-21,2026,Q1,2,February,Saturday,Yes,Afternoon,14:00,22:00,1.008
2026-02-21,2026,Q1,2,February,Saturday,Yes,Night,22:00,06:00,1.008
2026-02-22,2026,Q1,2,February,Sunday,Yes,Morning,06:00,14:00,0.454
2026-02-22,2026,Q1,2,February,Sunday,Yes,Afternoon,14:00,22:00,0.454
2026-02-22,2026,Q1,2,February,Sunday,Yes,Night,22:00,06:00,0.454
2026-02-23,2026,Q1,2,February,Monday,No,Morning,06:00,14:00,1.009
2026-02-23,2026,Q1,2,February,Monday,No,Afternoon,14:00,22:00,1.009
2026-02-23,2026,Q1,2,February,Monday,No,Night,22:00,06:00,1.009
2026-02-24,2026,Q1,2,February,Tuesday,No,Morning,06:00,14:00,1.009
2026-02-24,2026,Q1,2,February,Tuesday,No,Afternoon,14:00,22:00,1.009
2026-02-24,2026,Q1,2,February,Tuesday,No,Night,22:00,06:00,1.009
2026-02-25,2026,Q1,2,February,Wednesday,No,Morning,06:00,14:00,1.009
2026-02-25,2026,Q1,2,February,Wednesday,No,Afternoon,14:00,22:00,1.009
2026-02-25,2026,Q1,2,February,Wednesday,No,Night,22:00,06:00,1.009
2026-02-26,2026,Q1,2,February,Thursday,No,Morning,06:00,14:00,1.009
2026-02-26,2026,Q1,2,February,Thursday,No,Afternoon,14:00,22:00,1.009
2026-02-26,2026,Q1,2,February,Thursday,No,Night,22:00,06:00,1.009
2026-02-27,2026,Q1,2,February,Friday,No,Morning,06:00,14:00,1.009
2026-02-27,2026,Q1,2,February,Friday,No,Afternoon,14:00,22:00,1.009
2026-02-27,2026,Q1,2,February,Friday,No,Night,22:00,06:00,1.009
2026-02-28,2026,Q1,2,February,Saturday,Yes,Morning,06:00,14:00,1.009
2026-02-28,2026,Q1,2,February,Saturday,Yes,Afternoon,14:00,22:00,1.009
2026-02-28,2026,Q1,2,February,Saturday,Yes,Night,22:00,06:00,1.009
2026-03-01,2026,Q1,3,March,Sunday,Yes,Morning,06:00,14:00,0.534
2026-03-01,2026,Q1,3,March,Sunday,Yes,Afternoon,14:00,22:00,0.534
2026-03-01,2026,Q1,3,March,Sunday,Yes,Night,22:00,06:00,0.534
2026-03-02,2026,Q1,3,March,Monday,No,Morning,06:00,14:00,1.188
2026-03-02,2026,Q1,3,March,Monday,No,Afternoon,14:00,22:00,1.188
2026-03-02,2026,Q1,3,March,Monday,No,Night,22:00,06:00,1.188
2026-03-03,2026,Q1,3,March,Tuesday,No,Morning,06:00,14:00,1.188
2026-03-03,2026,Q1,3,March,Tuesday,No,Afternoon,14:00,22:00,1.188
2026-03-03,2026,Q1,3,March,Tuesday,No,Night,22:00,06:00,1.188
2026-03-04,2026,Q1,3,March,Wednesday,No,Morning,06:00,14:00,1.188
2026-03-04,2026,Q1,3,March,Wednesday,No,Afternoon,14:00,22:00,1.188
2026-03-04,2026,Q1,3,March,Wednesday,No,Night,22:00,06:00,1.188
2026-03-05,2026,Q1,3,March,Thursday,No,Morning,06:00,14:00,1.188
2026-03-05,2026,Q1,3,March,Thursday,No,Afternoon,14:00,22:00,1.188
2026-03-05,2026,Q1,3,March,Thursday,No,Night,22:00,06:00,1.188
2026-03-06,2026,Q1,3,March,Friday,No,Morning,06:00,14:00,1.188
2026-03-06,2026,Q1,3,March,Friday,No,Afternoon,14:00,22:00,1.188
2026-03-06,2026,Q1,3,March,Friday,No,Night,22:00,06:00,1.188
2026-03-07,2026,Q1,3,March,Saturday,Yes,Morning,06:00,14:00,1.188
2026-03-07,2026,Q1,3,March,Saturday,Yes,Afternoon,14:00,22:00,1.188
2026-03-07,2026,Q1,3,March,Saturday,Yes,Night,22:00,06:00,1.188
2026-03-08,2026,Q1,3,March,Sunday,Yes,Morning,06:00,14:00,0.535
2026-03-08,2026,Q1,3,March,Sunday,Yes,Afternoon,14:00,22:00,0.535
2026-03-08,2026,Q1,3,March,Sunday,Yes,Night,22:00,06:00,0.535
2026-03-09,2026,Q1,3,March,Monday,No,Morning,06:00,14:00,1.188
2026-03-09,2026,Q1,3,March,Monday,No,Afternoon,14:00,22:00,1.188
2026-03-09,2026,Q1,3,March,Monday,No,Night,22:00,06:00,1.188
2026-03-10,2026,Q1,3,March,Tuesday,No,Morning,06:00,14:00,1.189
2026-03-10,2026,Q1,3,March,Tuesday,No,Afternoon,14:00,22:00,1.189
2026-03-10,2026,Q1,3,March,Tuesday,No,Night,22:00,06:00,1.189
2026-03-11,2026,Q1,3,March,Wednesday,No,Morning,06:00,14:00,1.189
2026-03-11,2026,Q1,3,March,Wednesday,No,Afternoon,14:00,22:00,1.189
2026-03-11,2026,Q1,3,March,Wednesday,No,Night,22:00,06:00,1.189
2026-03-12,2026,Q1,3,March,Thursday,No,Morning,06:00,14:00,1.189
2026-03-12,2026,Q1,3,March,Thursday,No,Afternoon,14:00,22:00,1.189
2026-03-12,2026,Q1,3,March,Thursday,No,Night,22:00,06:00,1.189
2026-03-13,2026,Q1,3,March,Friday,No,Morning,06:00,14:00,1.189
2026-03-13,2026,Q1,3,March,Friday,No,Afternoon,14:00,22:00,1.189
2026-03-13,2026,Q1,3,March,Friday,No,Night,22:00,06:00,1.189
2026-03-14,2026,Q1,3,March,Saturday,Yes,Morning,06:00,14:00,1.189
2026-03-14,2026,Q1,3,March,Saturday,Yes,Afternoon,14:00,22:00,1.189
2026-03-14,2026,Q1,3,March,Saturday,Yes,Night,22:00,06:00,1.189
2026-03-15,2026,Q1,3,March,Sunday,Yes,Morning,06:00,14:00,0.535
2026-03-15,2026,Q1,3,March,Sunday,Yes,Afternoon,14:00,22:00,0.535
2026-03-15,2026,Q1,3,March,Sunday,Yes,Night,22:00,06:00,0.535
2026-03-16,2026,Q1,3,March,Monday,No,Morning,06:00,14:00,1.189
2026-03-16,2026,Q1,3,March,Monday,No,Afternoon,14:00,22:00,1.189
2026-03-16,2026,Q1,3,March,Monday,No,Night,22:00,06:00,1.189
2026-03-17,2026,Q1,3,March,Tuesday,No,Morning,06:00,14:00,1.189
2026-03-17,2026,Q1,3,March,Tuesday,No,Afternoon,14:00,22:00,1.189
2026-03-17,2026,Q1,3,March,Tuesday,No,Night,22:00,06:00,1.189
2026-03-18,2026,Q1,3,March,Wednesday,No,Morning,06:00,14:00,1.189
2026-03-18,2026,Q1,3,March,Wednesday,No,Afternoon,14:00,22:00,1.189
2026-03-18,2026,Q1,3,March,Wednesday,No,Night,22:00,06:00,1.189
2026-03-19,2026,Q1,3,March,Thursday,No,Morning,06:00,14:00,1.19
2026-03-19,2026,Q1,3,March,Thursday,No,Afternoon,14:00,22:00,1.19
2026-03-19,2026,Q1,3,March,Thursday,No,Night,22:00,06:00,1.19
2026-03-20,2026,Q1,3,March,Friday,No,Morning,06:00,14:00,1.19
2026-03-20,2026,Q1,3,March,Friday,No,Afternoon,14:00,22:00,1.19
2026-03-20,2026,Q1,3,March,Friday,No,Night,22:00,06:00,1.19
2026-03-21,2026,Q1,3,March,Saturday,Yes,Morning,06:00,14:00,1.19
2026-03-21,2026,Q1,3,March,Saturday,Yes,Afternoon,14:00,22:00,1.19
2026-03-21,2026,Q1,3,March,Saturday,Yes,Night,22:00,06:00,1.19
2026-03-22,2026,Q1,3,March,Sunday,Yes,Morning,06:00,14:00,0.535
2026-03-22,2026,Q1,3,March,Sunday,Yes,Afternoon,14:00,22:00,0.535
2026-03-22,2026,Q1,3,March,Sunday,Yes,Night,22:00,06:00,0.535
2026-03-23,2026,Q1,3,March,Monday,No,Morning,06:00,14:00,1.19
2026-03-23,2026,Q1,3,March,Monday,No,Afternoon,14:00,22:00,1.19
2026-03-23,2026,Q1,3,March,Monday,No,Night,22:00,06:00,1.19
2026-03-24,2026,Q1,3,March,Tuesday,No,Morning,06:00,14:00,1.19
2026-03-24,2026,Q1,3,March,Tuesday,No,Afternoon,14:00,22:00,1.19
2026-03-24,2026,Q1,3,March,Tuesday,No,Night,22:00,06:00,1.19
2026-03-25,2026,Q1,3,March,Wednesday,No,Morning,06:00,14:00,1.19
2026-03-25,2026,Q1,3,March,Wednesday,No,Afternoon,14:00,22:00,1.19
2026-03-25,2026,Q1,3,March,Wednesday,No,Night,22:00,06:00,1.19
2026-03-26,2026,Q1,3,March,Thursday,No,Morning,06:00,14:00,1.19
2026-03-26,2026,Q1,3,March,Thursday,No,Afternoon,14:00,22:00,1.19
2026-03-26,2026,Q1,3,March,Thursday,No,Night,22:00,06:00,1.19
2026-03-27,2026,Q1,3,March,Friday,No,Morning,06:00,14:00,1.191
2026-03-27,2026,Q1,3,March,Friday,No,Afternoon,14:00,22:00,1.191
2026-03-27,2026,Q1,3,March,Friday,No,Night,22:00,06:00,1.191
2026-03-28,2026,Q1,3,March,Saturday,Yes,Morning,06:00,14:00,1.191
2026-03-28,2026,Q1,3,March,Saturday,Yes,Afternoon,14:00,22:00,1.191
2026-03-28,2026,Q1,3,March,Saturday,Yes,Night,22:00,06:00,1.191
2026-03-29,2026,Q1,3,March,Sunday,Yes,Morning,06:00,14:00,0.536
2026-03-29,2026,Q1,3,March,Sunday,Yes,Afternoon,14:00,22:00,0.536
2026-03-29,2026,Q1,3,March,Sunday,Yes,Night,22:00,06:00,0.536
2026-03-30,2026,Q1,3,March,Monday,No,Morning,06:00,14:00,1.191
2026-03-30,2026,Q1,3,March,Monday,No,Afternoon,14:00,22:00,1.191
2026-03-30,2026,Q1,3,March,Monday,No,Night,22:00,06:00,1.191
2026-03-31,2026,Q1,3,March,Tuesday,No,Morning,06:00,14:00,1.191
2026-03-31,2026,Q1,3,March,Tuesday,No,Afternoon,14:00,22:00,1.191
2026-03-31,2026,Q1,3,March,Tuesday,No,Night,22:00,06:00,1.191
2026-04-01,2026,Q2,4,April,Wednesday,No,Morning,06:00,14:00,1.191
2026-04-01,2026,Q2,4,April,Wednesday,No,Afternoon,14:00,22:00,1.191
2026-04-01,2026,Q2,4,April,Wednesday,No,Night,22:00,06:00,1.191
2026-04-02,2026,Q2,4,April,Thursday,No,Morning,06:00,14:00,1.191
2026-04-02,2026,Q2,4,April,Thursday,No,Afternoon,14:00,22:00,1.191
2026-04-02,2026,Q2,4,April,Thursday,No,Night,22:00,06:00,1.191
2026-04-03,2026,Q2,4,April,Friday,No,Morning,06:00,14:00,1.191
2026-04-03,2026,Q2,4,April,Friday,No,Afternoon,14:00,22:00,1.191
2026-04-03,2026,Q2,4,April,Friday,No,Night,22:00,06:00,1.191
2026-04-04,2026,Q2,4,April,Saturday,Yes,Morning,06:00,14:00,1.192
2026-04-04,2026,Q2,4,April,Saturday,Yes,Afternoon,14:00,22:00,1.192
2026-04-04,2026,Q2,4,April,Saturday,Yes,Night,22:00,06:00,1.192
2026-04-05,2026,Q2,4,April,Sunday,Yes,Morning,06:00,14:00,0.536
2026-04-05,2026,Q2,4,April,Sunday,Yes,Afternoon,14:00,22:00,0.536
2026-04-05,2026,Q2,4,April,Sunday,Yes,Night,22:00,06:00,0.536
2026-04-06,2026,Q2,4,April,Monday,No,Morning,06:00,14:00,1.192
2026-04-06,2026,Q2,4,April,Monday,No,Afternoon,14:00,22:00,1.192
2026-04-06,2026,Q2,4,April,Monday,No,Night,22:00,06:00,1.192
2026-04-07,2026,Q2,4,April,Tuesday,No,Morning,06:00,14:00,1.192
2026-04-07,2026,Q2,4,April,Tuesday,No,Afternoon,14:00,22:00,1.192
2026-04-07,2026,Q2,4,April,Tuesday,No,Night,22:00,06:00,1.192
2026-04-08,2026,Q2,4,April,Wednesday,No,Morning,06:00,14:00,1.192
2026-04-08,2026,Q2,4,April,Wednesday,No,Afternoon,14:00,22:00,1.192
2026-04-08,2026,Q2,4,April,Wednesday,No,Night,22:00,06:00,1.192
2026-04-09,2026,Q2,4,April,Thursday,No,Morning,06:00,14:00,1.192
2026-04-09,2026,Q2,4,April,Thursday,No,Afternoon,14:00,22:00,1.192
2026-04-09,2026,Q2,4,April,Thursday,No,Night,22:00,06:00,1.192
2026-04-10,2026,Q2,4,April,Friday,No,Morning,06:00,14:00,1.192
2026-04-10,2026,Q2,4,April,Friday,No,Afternoon,14:00,22:00,1.192
2026-04-10,2026,Q2,4,April,Friday,No,Night,22:00,06:00,1.192
2026-04-11,2026,Q2,4,April,Saturday,Yes,Morning,06:00,14:00,1.192
2026-04-11,2026,Q2,4,April,Saturday,Yes,Afternoon,14:00,22:00,1.192
2026-04-11,2026,Q2,4,April,Saturday,Yes,Night,22:00,06:00,1.192
2026-04-12,2026,Q2,4,April,Sunday,Yes,Morning,06:00,14:00,0.537
2026-04-12,2026,Q2,4,April,Sunday,Yes,Afternoon,14:00,22:00,0.537
2026-04-12,2026,Q2,4,April,Sunday,Yes,Night,22:00,06:00,0.537
2026-04-13,2026,Q2,4,April,Monday,No,Morning,06:00,14:00,1.193
2026-04-13,2026,Q2,4,April,Monday,No,Afternoon,14:00,22:00,1.193
2026-04-13,2026,Q2,4,April,Monday,No,Night,22:00,06:00,1.193
2026-04-14,2026,Q2,4,April,Tuesday,No,Morning,06:00,14:00,1.193
2026-04-14,2026,Q2,4,April,Tuesday,No,Afternoon,14:00,22:00,1.193
2026-04-14,2026,Q2,4,April,Tuesday,No,Night,22:00,06:00,1.193
2026-04-15,2026,Q2,4,April,Wednesday,No,Morning,06:00,14:00,1.193
2026-04-15,2026,Q2,4,April,Wednesday,No,Afternoon,14:00,22:00,1.193
2026-04-15,2026,Q2,4,April,Wednesday,No,Night,22:00,06:00,1.193
2026-04-16,2026,Q2,4,April,Thursday,No,Morning,06:00,14:00,1.193
2026-04-16,2026,Q2,4,April,Thursday,No,Afternoon,14:00,22:00,1.193
2026-04-16,2026,Q2,4,April,Thursday,No,Night,22:00,06:00,1.193
2026-04-17,2026,Q2,4,April,Friday,No,Morning,06:00,14:00,1.193
2026-04-17,2026,Q2,4,April,Friday,No,Afternoon,14:00,22:00,1.193
2026-04-17,2026,Q2,4,April,Friday,No,Night,22:00,06:00,1.193
2026-04-18,2026,Q2,4,April,Saturday,Yes,Morning,06:00,14:00,1.193
2026-04-18,2026,Q2,4,April,Saturday,Yes,Afternoon,14:00,22:00,1.193
2026-04-18,2026,Q2,4,April,Saturday,Yes,Night,22:00,06:00,1.193
2026-04-19,2026,Q2,4,April,Sunday,Yes,Morning,06:00,14:00,0.537
2026-04-19,2026,Q2,4,April,Sunday,Yes,Afternoon,14:00,22:00,0.537
2026-04-19,2026,Q2,4,April,Sunday,Yes,Night,22:00,06:00,0.537
2026-04-20,2026,Q2,4,April,Monday,No,Morning,06:00,14:00,1.194
2026-04-20,2026,Q2,4,April,Monday,No,Afternoon,14:00,22:00,1.194
2026-04-20,2026,Q2,4,April,Monday,No,Night,22:00,06:00,1.194
2026-04-21,2026,Q2,4,April,Tuesday,No,Morning,06:00,14:00,1.194
2026-04-21,2026,Q2,4,April,Tuesday,No,Afternoon,14:00,22:00,1.194
2026-04-21,2026,Q2,4,April,Tuesday,No,Night,22:00,06:00,1.194
2026-04-22,2026,Q2,4,April,Wednesday,No,Morning,06:00,14:00,1.194
2026-04-22,2026,Q2,4,April,Wednesday,No,Afternoon,14:00,22:00,1.194
2026-04-22,2026,Q2,4,April,Wednesday,No,Night,22:00,06:00,1.194
2026-04-23,2026,Q2,4,April,Thursday,No,Morning,06:00,14:00,1.194
2026-04-23,2026,Q2,4,April,Thursday,No,Afternoon,14:00,22:00,1.194
2026-04-23,2026,Q2,4,April,Thursday,No,Night,22:00,06:00,1.194
2026-04-24,2026,Q2,4,April,Friday,No,Morning,06:00,14:00,1.194
2026-04-24,2026,Q2,4,April,Friday,No,Afternoon,14:00,22:00,1.194
2026-04-24,2026,Q2,4,April,Friday,No,Night,22:00,06:00,1.194
2026-04-25,2026,Q2,4,April,Saturday,Yes,Morning,06:00,14:00,1.194
2026-04-25,2026,Q2,4,April,Saturday,Yes,Afternoon,14:00,22:00,1.194
2026-04-25,2026,Q2,4,April,Saturday,Yes,Night,22:00,06:00,1.194
2026-04-26,2026,Q2,4,April,Sunday,Yes,Morning,06:00,14:00,0.537
2026-04-26,2026,Q2,4,April,Sunday,Yes,Afternoon,14:00,22:00,0.537
2026-04-26,2026,Q2,4,April,Sunday,Yes,Night,22:00,06:00,0.537
2026-04-27,2026,Q2,4,April,Monday,No,Morning,06:00,14:00,1.194
2026-04-27,2026,Q2,4,April,Monday,No,Afternoon,14:00,22:00,1.194
2026-04-27,2026,Q2,4,April,Monday,No,Night,22:00,06:00,1.194
2026-04-28,2026,Q2,4,April,Tuesday,No,Morning,06:00,14:00,1.195
2026-04-28,2026,Q2,4,April,Tuesday,No,Afternoon,14:00,22:00,1.195
2026-04-28,2026,Q2,4,April,Tuesday,No,Night,22:00,06:00,1.195
2026-04-29,2026,Q2,4,April,Wednesday,No,Morning,06:00,14:00,1.195
2026-04-29,2026,Q2,4,April,Wednesday,No,Afternoon,14:00,22:00,1.195
2026-04-29,2026,Q2,4,April,Wednesday,No,Night,22:00,06:00,1.195
2026-04-30,2026,Q2,4,April,Thursday,No,Morning,06:00,14:00,1.195
2026-04-30,2026,Q2,4,April,Thursday,No,Afternoon,14:00,22:00,1.195
2026-04-30,2026,Q2,4,April,Thursday,No,Night,22:00,06:00,1.195
2026-05-01,2026,Q2,5,May,Friday,No,Morning,06:00,14:00,1.195
2026-05-01,2026,Q2,5,May,Friday,No,Afternoon,14:00,22:00,1.195
2026-05-01,2026,Q2,5,May,Friday,No,Night,22:00,06:00,1.195
2026-05-02,2026,Q2,5,May,Saturday,Yes,Morning,06:00,14:00,1.195
2026-05-02,2026,Q2,5,May,Saturday,Yes,Afternoon,14:00,22:00,1.195
2026-05-02,2026,Q2,5,May,Saturday,Yes,Night,22:00,06:00,1.195
2026-05-03,2026,Q2,5,May,Sunday,Yes,Morning,06:00,14:00,0.538
2026-05-03,2026,Q2,5,May,Sunday,Yes,Afternoon,14:00,22:00,0.538
2026-05-03,2026,Q2,5,May,Sunday,Yes,Night,22:00,06:00,0.538
2026-05-04,2026,Q2,5,May,Monday,No,Morning,06:00,14:00,1.195
2026-05-04,2026,Q2,5,May,Monday,No,Afternoon,14:00,22:00,1.195
2026-05-04,2026,Q2,5,May,Monday,No,Night,22:00,06:00,1.195
2026-05-05,2026,Q2,5,May,Tuesday,No,Morning,06:00,14:00,1.195
2026-05-05,2026,Q2,5,May,Tuesday,No,Afternoon,14:00,22:00,1.195
2026-05-05,2026,Q2,5,May,Tuesday,No,Night,22:00,06:00,1.195
2026-05-06,2026,Q2,5,May,Wednesday,No,Morning,06:00,14:00,1.196
2026-05-06,2026,Q2,5,May,Wednesday,No,Afternoon,14:00,22:00,1.196
2026-05-06,2026,Q2,5,May,Wednesday,No,Night,22:00,06:00,1.196
2026-05-07,2026,Q2,5,May,Thursday,No,Morning,06:00,14:00,1.196
2026-05-07,2026,Q2,5,May,Thursday,No,Afternoon,14:00,22:00,1.196
2026-05-07,2026,Q2,5,May,Thursday,No,Night,22:00,06:00,1.196
2026-05-08,2026,Q2,5,May,Friday,No,Morning,06:00,14:00,1.196
2026-05-08,2026,Q2,5,May,Friday,No,Afternoon,14:00,22:00,1.196
2026-05-08,2026,Q2,5,May,Friday,No,Night,22:00,06:00,1.196
2026-05-09,2026,Q2,5,May,Saturday,Yes,Morning,06:00,14:00,1.196
2026-05-09,2026,Q2,5,May,Saturday,Yes,Afternoon,14:00,22:00,1.196
2026-05-09,2026,Q2,5,May,Saturday,Yes,Night,22:00,06:00,1.196
2026-05-10,2026,Q2,5,May,Sunday,Yes,Morning,06:00,14:00,0.538
2026-05-10,2026,Q2,5,May,Sunday,Yes,Afternoon,14:00,22:00,0.538
2026-05-10,2026,Q2,5,May,Sunday,Yes,Night,22:00,06:00,0.538
2026-05-11,2026,Q2,5,May,Monday,No,Morning,06:00,14:00,1.196
2026-05-11,2026,Q2,5,May,Monday,No,Afternoon,14:00,22:00,1.196
2026-05-11,2026,Q2,5,May,Monday,No,Night,22:00,06:00,1.196
2026-05-12,2026,Q2,5,May,Tuesday,No,Morning,06:00,14:00,1.196
2026-05-12,2026,Q2,5,May,Tuesday,No,Afternoon,14:00,22:00,1.196
2026-05-12,2026,Q2,5,May,Tuesday,No,Night,22:00,06:00,1.196
2026-05-13,2026,Q2,5,May,Wednesday,No,Morning,06:00,14:00,1.196
2026-05-13,2026,Q2,5,May,Wednesday,No,Afternoon,14:00,22:00,1.196
2026-05-13,2026,Q2,5,May,Wednesday,No,Night,22:00,06:00,1.196
2026-05-14,2026,Q2,5,May,Thursday,No,Morning,06:00,14:00,1.197
2026-05-14,2026,Q2,5,May,Thursday,No,Afternoon,14:00,22:00,1.197
2026-05-14,2026,Q2,5,May,Thursday,No,Night,22:00,06:00,1.197
2026-05-15,2026,Q2,5,May,Friday,No,Morning,06:00,14:00,1.197
2026-05-15,2026,Q2,5,May,Friday,No,Afternoon,14:00,22:00,1.197
2026-05-15,2026,Q2,5,May,Friday,No,Night,22:00,06:00,1.197
2026-05-16,2026,Q2,5,May,Saturday,Yes,Morning,06:00,14:00,1.197
2026-05-16,2026,Q2,5,May,Saturday,Yes,Afternoon,14:00,22:00,1.197
2026-05-16,2026,Q2,5,May,Saturday,Yes,Night,22:00,06:00,1.197
2026-05-17,2026,Q2,5,May,Sunday,Yes,Morning,06:00,14:00,0.539
2026-05-17,2026,Q2,5,May,Sunday,Yes,Afternoon,14:00,22:00,0.539
2026-05-17,2026,Q2,5,May,Sunday,Yes,Night,22:00,06:00,0.539
2026-05-18,2026,Q2,5,May,Monday,No,Morning,06:00,14:00,1.197
2026-05-18,2026,Q2,5,May,Monday,No,Afternoon,14:00,22:00,1.197
2026-05-18,2026,Q2,5,May,Monday,No,Night,22:00,06:00,1.197
2026-05-19,2026,Q2,5,May,Tuesday,No,Morning,06:00,14:00,1.197
2026-05-19,2026,Q2,5,May,Tuesday,No,Afternoon,14:00,22:00,1.197
2026-05-19,2026,Q2,5,May,Tuesday,No,Night,22:00,06:00,1.197
2026-05-20,2026,Q2,5,May,Wednesday,No,Morning,06:00,14:00,1.197
2026-05-20,2026,Q2,5,May,Wednesday,No,Afternoon,14:00,22:00,1.197
2026-05-20,2026,Q2,5,May,Wednesday,No,Night,22:00,06:00,1.197
2026-05-21,2026,Q2,5,May,Thursday,No,Morning,06:00,14:00,1.197
2026-05-21,2026,Q2,5,May,Thursday,No,Afternoon,14:00,22:00,1.197
2026-05-21,2026,Q2,5,May,Thursday,No,Night,22:00,06:00,1.197
2026-05-22,2026,Q2,5,May,Friday,No,Morning,06:00,14:00,1.198
2026-05-22,2026,Q2,5,May,Friday,No,Afternoon,14:00,22:00,1.198
2026-05-22,2026,Q2,5,May,Friday,No,Night,22:00,06:00,1.198
2026-05-23,2026,Q2,5,May,Saturday,Yes,Morning,06:00,14:00,1.198
2026-05-23,2026,Q2,5,May,Saturday,Yes,Afternoon,14:00,22:00,1.198
2026-05-23,2026,Q2,5,May,Saturday,Yes,Night,22:00,06:00,1.198
2026-05-24,2026,Q2,5,May,Sunday,Yes,Morning,06:00,14:00,0.539
2026-05-24,2026,Q2,5,May,Sunday,Yes,Afternoon,14:00,22:00,0.539
2026-05-24,2026,Q2,5,May,Sunday,Yes,Night,22:00,06:00,0.539
2026-05-25,2026,Q2,5,May,Monday,No,Morning,06:00,14:00,1.198
2026-05-25,2026,Q2,5,May,Monday,No,Afternoon,14:00,22:00,1.198
2026-05-25,2026,Q2,5,May,Monday,No,Night,22:00,06:00,1.198
2026-05-26,2026,Q2,5,May,Tuesday,No,Morning,06:00,14:00,1.198
2026-05-26,2026,Q2,5,May,Tuesday,No,Afternoon,14:00,22:00,1.198
2026-05-26,2026,Q2,5,May,Tuesday,No,Night,22:00,06:00,1.198
2026-05-27,2026,Q2,5,May,Wednesday,No,Morning,06:00,14:00,1.198
2026-05-27,2026,Q2,5,May,Wednesday,No,Afternoon,14:00,22:00,1.198
2026-05-27,2026,Q2,5,May,Wednesday,No,Night,22:00,06:00,1.198
2026-05-28,2026,Q2,5,May,Thursday,No,Morning,06:00,14:00,1.198
2026-05-28,2026,Q2,5,May,Thursday,No,Afternoon,14:00,22:00,1.198
2026-05-28,2026,Q2,5,May,Thursday,No,Night,22:00,06:00,1.198
2026-05-29,2026,Q2,5,May,Friday,No,Morning,06:00,14:00,1.198
2026-05-29,2026,Q2,5,May,Friday,No,Afternoon,14:00,22:00,1.198
2026-05-29,2026,Q2,5,May,Friday,No,Night,22:00,06:00,1.198
2026-05-30,2026,Q2,5,May,Saturday,Yes,Morning,06:00,14:00,1.198
2026-05-30,2026,Q2,5,May,Saturday,Yes,Afternoon,14:00,22:00,1.198
2026-05-30,2026,Q2,5,May,Saturday,Yes,Night,22:00,06:00,1.198
2026-05-31,2026,Q2,5,May,Sunday,Yes,Morning,06:00,14:00,0.539
2026-05-31,2026,Q2,5,May,Sunday,Yes,Afternoon,14:00,22:00,0.539
2026-05-31,2026,Q2,5,May,Sunday,Yes,Night,22:00,06:00,0.539
2026-06-01,2026,Q2,6,June,Monday,No,Morning,06:00,14:00,1.199
2026-06-01,2026,Q2,6,June,Monday,No,Afternoon,14:00,22:00,1.199
2026-06-01,2026,Q2,6,June,Monday,No,Night,22:00,06:00,1.199
2026-06-02,2026,Q2,6,June,Tuesday,No,Morning,06:00,14:00,1.199
2026-06-02,2026,Q2,6,June,Tuesday,No,Afternoon,14:00,22:00,1.199
2026-06-02,2026,Q2,6,June,Tuesday,No,Night,22:00,06:00,1.199
2026-06-03,2026,Q2,6,June,Wednesday,No,Morning,06:00,14:00,1.199
2026-06-03,2026,Q2,6,June,Wednesday,No,Afternoon,14:00,22:00,1.199
2026-06-03,2026,Q2,6,June,Wednesday,No,Night,22:00,06:00,1.199
2026-06-04,2026,Q2,6,June,Thursday,No,Morning,06:00,14:00,1.199
2026-06-04,2026,Q2,6,June,Thursday,No,Afternoon,14:00,22:00,1.199
2026-06-04,2026,Q2,6,June,Thursday,No,Night,22:00,06:00,1.199
2026-06-05,2026,Q2,6,June,Friday,No,Morning,06:00,14:00,1.199
2026-06-05,2026,Q2,6,June,Friday,No,Afternoon,14:00,22:00,1.199
2026-06-05,2026,Q2,6,June,Friday,No,Night,22:00,06:00,1.199
2026-06-06,2026,Q2,6,June,Saturday,Yes,Morning,06:00,14:00,1.199
2026-06-06,2026,Q2,6,June,Saturday,Yes,Afternoon,14:00,22:00,1.199
2026-06-06,2026,Q2,6,June,Saturday,Yes,Night,22:00,06:00,1.199
2026-06-07,2026,Q2,6,June,Sunday,Yes,Morning,06:00,14:00,0.54
2026-06-07,2026,Q2,6,June,Sunday,Yes,Afternoon,14:00,22:00,0.54
2026-06-07,2026,Q2,6,June,Sunday,Yes,Night,22:00,06:00,0.54
2026-06-08,2026,Q2,6,June,Monday,No,Morning,06:00,14:00,1.2
2026-06-08,2026,Q2,6,June,Monday,No,Afternoon,14:00,22:00,1.2
2026-06-08,2026,Q2,6,June,Monday,No,Night,22:00,06:00,1.2
2026-06-09,2026,Q2,6,June,Tuesday,No,Morning,06:00,14:00,1.2
2026-06-09,2026,Q2,6,June,Tuesday,No,Afternoon,14:00,22:00,1.2
2026-06-09,2026,Q2,6,June,Tuesday,No,Night,22:00,06:00,1.2
2026-06-10,2026,Q2,6,June,Wednesday,No,Morning,06:00,14:00,1.2
2026-06-10,2026,Q2,6,June,Wednesday,No,Afternoon,14:00,22:00,1.2
2026-06-10,2026,Q2,6,June,Wednesday,No,Night,22:00,06:00,1.2
2026-06-11,2026,Q2,6,June,Thursday,No,Morning,06:00,14:00,1.2
2026-06-11,2026,Q2,6,June,Thursday,No,Afternoon,14:00,22:00,1.2
2026-06-11,2026,Q2,6,June,Thursday,No,Night,22:00,06:00,1.2
2026-06-12,2026,Q2,6,June,Friday,No,Morning,06:00,14:00,1.2
2026-06-12,2026,Q2,6,June,Friday,No,Afternoon,14:00,22:00,1.2
2026-06-12,2026,Q2,6,June,Friday,No,Night,22:00,06:00,1.2
2026-06-13,2026,Q2,6,June,Saturday,Yes,Morning,06:00,14:00,1.2
2026-06-13,2026,Q2,6,June,Saturday,Yes,Afternoon,14:00,22:00,1.2
2026-06-13,2026,Q2,6,June,Saturday,Yes,Night,22:00,06:00,1.2
2026-06-14,2026,Q2,6,June,Sunday,Yes,Morning,06:00,14:00,0.54
2026-06-14,2026,Q2,6,June,Sunday,Yes,Afternoon,14:00,22:00,0.54
2026-06-14,2026,Q2,6,June,Sunday,Yes,Night,22:00,06:00,0.54
2026-06-15,2026,Q2,6,June,Monday,No,Morning,06:00,14:00,1.2
2026-06-15,2026,Q2,6,June,Monday,No,Afternoon,14:00,22:00,1.2
2026-06-15,2026,Q2,6,June,Monday,No,Night,22:00,06:00,1.2
2026-06-16,2026,Q2,6,June,Tuesday,No,Morning,06:00,14:00,1.201
2026-06-16,2026,Q2,6,June,Tuesday,No,Afternoon,14:00,22:00,1.201
2026-06-16,2026,Q2,6,June,Tuesday,No,Night,22:00,06:00,1.201
2026-06-17,2026,Q2,6,June,Wednesday,No,Morning,06:00,14:00,1.201
2026-06-17,2026,Q2,6,June,Wednesday,No,Afternoon,14:00,22:00,1.201
2026-06-17,2026,Q2,6,June,Wednesday,No,Night,22:00,06:00,1.201
2026-06-18,2026,Q2,6,June,Thursday,No,Morning,06:00,14:00,1.201
2026-06-18,2026,Q2,6,June,Thursday,No,Afternoon,14:00,22:00,1.201
2026-06-18,2026,Q2,6,June,Thursday,No,Night,22:00,06:00,1.201
2026-06-19,2026,Q2,6,June,Friday,No,Morning,06:00,14:00,1.201
2026-06-19,2026,Q2,6,June,Friday,No,Afternoon,14:00,22:00,1.201
2026-06-19,2026,Q2,6,June,Friday,No,Night,22:00,06:00,1.201
2026-06-20,2026,Q2,6,June,Saturday,Yes,Morning,06:00,14:00,1.201
2026-06-20,2026,Q2,6,June,Saturday,Yes,Afternoon,14:00,22:00,1.201
2026-06-20,2026,Q2,6,June,Saturday,Yes,Night,22:00,06:00,1.201
2026-06-21,2026,Q2,6,June,Sunday,Yes,Morning,06:00,14:00,0.541
2026-06-21,2026,Q2,6,June,Sunday,Yes,Afternoon,14:00,22:00,0.541
2026-06-21,2026,Q2,6,June,Sunday,Yes,Night,22:00,06:00,0.541
2026-06-22,2026,Q2,6,June,Monday,No,Morning,06:00,14:00,1.201
2026-06-22,2026,Q2,6,June,Monday,No,Afternoon,14:00,22:00,1.201
2026-06-22,2026,Q2,6,June,Monday,No,Night,22:00,06:00,1.201
2026-06-23,2026,Q2,6,June,Tuesday,No,Morning,06:00,14:00,1.201
2026-06-23,2026,Q2,6,June,Tuesday,No,Afternoon,14:00,22:00,1.201
2026-06-23,2026,Q2,6,June,Tuesday,No,Night,22:00,06:00,1.201
2026-06-24,2026,Q2,6,June,Wednesday,No,Morning,06:00,14:00,1.202
2026-06-24,2026,Q2,6,June,Wednesday,No,Afternoon,14:00,22:00,1.202
2026-06-24,2026,Q2,6,June,Wednesday,No,Night,22:00,06:00,1.202
2026-06-25,2026,Q2,6,June,Thursday,No,Morning,06:00,14:00,1.202
2026-06-25,2026,Q2,6,June,Thursday,No,Afternoon,14:00,22:00,1.202
2026-06-25,2026,Q2,6,June,Thursday,No,Night,22:00,06:00,1.202
2026-06-26,2026,Q2,6,June,Friday,No,Morning,06:00,14:00,1.202
2026-06-26,2026,Q2,6,June,Friday,No,Afternoon,14:00,22:00,1.202
2026-06-26,2026,Q2,6,June,Friday,No,Night,22:00,06:00,1.202
2026-06-27,2026,Q2,6,June,Saturday,Yes,Morning,06:00,14:00,1.202
2026-06-27,2026,Q2,6,June,Saturday,Yes,Afternoon,14:00,22:00,1.202
2026-06-27,2026,Q2,6,June,Saturday,Yes,Night,22:00,06:00,1.202
2026-06-28,2026,Q2,6,June,Sunday,Yes,Morning,06:00,14:00,0.541
2026-06-28,2026,Q2,6,June,Sunday,Yes,Afternoon,14:00,22:00,0.541
2026-06-28,2026,Q2,6,June,Sunday,Yes,Night,22:00,06:00,0.541
2026-06-29,2026,Q2,6,June,Monday,No,Morning,06:00,14:00,1.202
2026-06-29,2026,Q2,6,June,Monday,No,Afternoon,14:00,22:00,1.202
2026-06-29,2026,Q2,6,June,Monday,No,Night,22:00,06:00,1.202
2026-06-30,2026,Q2,6,June,Tuesday,No,Morning,06:00,14:00,1.202
2026-06-30,2026,Q2,6,June,Tuesday,No,Afternoon,14:00,22:00,1.202
2026-06-30,2026,Q2,6,June,Tuesday,No,Night,22:00,06:00,1.202
2026-07-01,2026,Q3,7,July,Wednesday,No,Morning,06:00,14:00,1.383
2026-07-01,2026,Q3,7,July,Wednesday,No,Afternoon,14:00,22:00,1.383
2026-07-01,2026,Q3,7,July,Wednesday,No,Night,22:00,06:00,1.383
2026-07-02,2026,Q3,7,July,Thursday,No,Morning,06:00,14:00,1.383
2026-07-02,2026,Q3,7,July,Thursday,No,Afternoon,14:00,22:00,1.383
2026-07-02,2026,Q3,7,July,Thursday,No,Night,22:00,06:00,1.383
2026-07-03,2026,Q3,7,July,Friday,No,Morning,06:00,14:00,1.383
2026-07-03,2026,Q3,7,July,Friday,No,Afternoon,14:00,22:00,1.383
2026-07-03,2026,Q3,7,July,Friday,No,Night,22:00,06:00,1.383
2026-07-04,2026,Q3,7,July,Saturday,Yes,Morning,06:00,14:00,1.383
2026-07-04,2026,Q3,7,July,Saturday,Yes,Afternoon,14:00,22:00,1.383
2026-07-04,2026,Q3,7,July,Saturday,Yes,Night,22:00,06:00,1.383
2026-07-05,2026,Q3,7,July,Sunday,Yes,Morning,06:00,14:00,0.623
2026-07-05,2026,Q3,7,July,Sunday,Yes,Afternoon,14:00,22:00,0.623
2026-07-05,2026,Q3,7,July,Sunday,Yes,Night,22:00,06:00,0.623
2026-07-06,2026,Q3,7,July,Monday,No,Morning,06:00,14:00,1.384
2026-07-06,2026,Q3,7,July,Monday,No,Afternoon,14:00,22:00,1.384
2026-07-06,2026,Q3,7,July,Monday,No,Night,22:00,06:00,1.384
2026-07-07,2026,Q3,7,July,Tuesday,No,Morning,06:00,14:00,1.384
2026-07-07,2026,Q3,7,July,Tuesday,No,Afternoon,14:00,22:00,1.384
2026-07-07,2026,Q3,7,July,Tuesday,No,Night,22:00,06:00,1.384
2026-07-08,2026,Q3,7,July,Wednesday,No,Morning,06:00,14:00,1.384
2026-07-08,2026,Q3,7,July,Wednesday,No,Afternoon,14:00,22:00,1.384
2026-07-08,2026,Q3,7,July,Wednesday,No,Night,22:00,06:00,1.384
2026-07-09,2026,Q3,7,July,Thursday,No,Morning,06:00,14:00,1.384
2026-07-09,2026,Q3,7,July,Thursday,No,Afternoon,14:00,22:00,1.384
2026-07-09,2026,Q3,7,July,Thursday,No,Night,22:00,06:00,1.384
2026-07-10,2026,Q3,7,July,Friday,No,Morning,06:00,14:00,1.384
2026-07-10,2026,Q3,7,July,Friday,No,Afternoon,14:00,22:00,1.384
2026-07-10,2026,Q3,7,July,Friday,No,Night,22:00,06:00,1.384
2026-07-11,2026,Q3,7,July,Saturday,Yes,Morning,06:00,14:00,1.384
2026-07-11,2026,Q3,7,July,Saturday,Yes,Afternoon,14:00,22:00,1.384
2026-07-11,2026,Q3,7,July,Saturday,Yes,Night,22:00,06:00,1.384
2026-07-12,2026,Q3,7,July,Sunday,Yes,Morning,06:00,14:00,0.623
2026-07-12,2026,Q3,7,July,Sunday,Yes,Afternoon,14:00,22:00,0.623
2026-07-12,2026,Q3,7,July,Sunday,Yes,Night,22:00,06:00,0.623
2026-07-13,2026,Q3,7,July,Monday,No,Morning,06:00,14:00,1.385
2026-07-13,2026,Q3,7,July,Monday,No,Afternoon,14:00,22:00,1.385
2026-07-13,2026,Q3,7,July,Monday,No,Night,22:00,06:00,1.385
2026-07-14,2026,Q3,7,July,Tuesday,No,Morning,06:00,14:00,1.385
2026-07-14,2026,Q3,7,July,Tuesday,No,Afternoon,14:00,22:00,1.385
2026-07-14,2026,Q3,7,July,Tuesday,No,Night,22:00,06:00,1.385
2026-07-15,2026,Q3,7,July,Wednesday,No,Morning,06:00,14:00,1.385
2026-07-15,2026,Q3,7,July,Wednesday,No,Afternoon,14:00,22:00,1.385
2026-07-15,2026,Q3,7,July,Wednesday,No,Night,22:00,06:00,1.385
2026-07-16,2026,Q3,7,July,Thursday,No,Morning,06:00,14:00,1.385
2026-07-16,2026,Q3,7,July,Thursday,No,Afternoon,14:00,22:00,1.385
2026-07-16,2026,Q3,7,July,Thursday,No,Night,22:00,06:00,1.385
2026-07-17,2026,Q3,7,July,Friday,No,Morning,06:00,14:00,1.385
2026-07-17,2026,Q3,7,July,Friday,No,Afternoon,14:00,22:00,1.385
2026-07-17,2026,Q3,7,July,Friday,No,Night,22:00,06:00,1.385
2026-07-18,2026,Q3,7,July,Saturday,Yes,Morning,06:00,14:00,1.385
2026-07-18,2026,Q3,7,July,Saturday,Yes,Afternoon,14:00,22:00,1.385
2026-07-18,2026,Q3,7,July,Saturday,Yes,Night,22:00,06:00,1.385
2026-07-19,2026,Q3,7,July,Sunday,Yes,Morning,06:00,14:00,0.623
2026-07-19,2026,Q3,7,July,Sunday,Yes,Afternoon,14:00,22:00,0.623
2026-07-19,2026,Q3,7,July,Sunday,Yes,Night,22:00,06:00,0.623
2026-07-20,2026,Q3,7,July,Monday,No,Morning,06:00,14:00,1.385
2026-07-20,2026,Q3,7,July,Monday,No,Afternoon,14:00,22:00,1.385
2026-07-20,2026,Q3,7,July,Monday,No,Night,22:00,06:00,1.385
2026-07-21,2026,Q3,7,July,Tuesday,No,Morning,06:00,14:00,1.386
2026-07-21,2026,Q3,7,July,Tuesday,No,Afternoon,14:00,22:00,1.386
2026-07-21,2026,Q3,7,July,Tuesday,No,Night,22:00,06:00,1.386
2026-07-22,2026,Q3,7,July,Wednesday,No,Morning,06:00,14:00,1.386
2026-07-22,2026,Q3,7,July,Wednesday,No,Afternoon,14:00,22:00,1.386
2026-07-22,2026,Q3,7,July,Wednesday,No,Night,22:00,06:00,1.386
2026-07-23,2026,Q3,7,July,Thursday,No,Morning,06:00,14:00,1.386
2026-07-23,2026,Q3,7,July,Thursday,No,Afternoon,14:00,22:00,1.386
2026-07-23,2026,Q3,7,July,Thursday,No,Night,22:00,06:00,1.386
2026-07-24,2026,Q3,7,July,Friday,No,Morning,06:00,14:00,1.386
2026-07-24,2026,Q3,7,July,Friday,No,Afternoon,14:00,22:00,1.386
2026-07-24,2026,Q3,7,July,Friday,No,Night,22:00,06:00,1.386
2026-07-25,2026,Q3,7,July,Saturday,Yes,Morning,06:00,14:00,1.386
2026-07-25,2026,Q3,7,July,Saturday,Yes,Afternoon,14:00,22:00,1.386
2026-07-25,2026,Q3,7,July,Saturday,Yes,Night,22:00,06:00,1.386
2026-07-26,2026,Q3,7,July,Sunday,Yes,Morning,06:00,14:00,0.624
2026-07-26,2026,Q3,7,July,Sunday,Yes,Afternoon,14:00,22:00,0.624
2026-07-26,2026,Q3,7,July,Sunday,Yes,Night,22:00,06:00,0.624
2026-07-27,2026,Q3,7,July,Monday,No,Morning,06:00,14:00,1.386
2026-07-27,2026,Q3,7,July,Monday,No,Afternoon,14:00,22:00,1.386
2026-07-27,2026,Q3,7,July,Monday,No,Night,22:00,06:00,1.386
2026-07-28,2026,Q3,7,July,Tuesday,No,Morning,06:00,14:00,1.387
2026-07-28,2026,Q3,7,July,Tuesday,No,Afternoon,14:00,22:00,1.387
2026-07-28,2026,Q3,7,July,Tuesday,No,Night,22:00,06:00,1.387
2026-07-29,2026,Q3,7,July,Wednesday,No,Morning,06:00,14:00,1.387
2026-07-29,2026,Q3,7,July,Wednesday,No,Afternoon,14:00,22:00,1.387
2026-07-29,2026,Q3,7,July,Wednesday,No,Night,22:00,06:00,1.387
2026-07-30,2026,Q3,7,July,Thursday,No,Morning,06:00,14:00,1.387
2026-07-30,2026,Q3,7,July,Thursday,No,Afternoon,14:00,22:00,1.387
2026-07-30,2026,Q3,7,July,Thursday,No,Night,22:00,06:00,1.387
2026-07-31,2026,Q3,7,July,Friday,No,Morning,06:00,14:00,1.387
2026-07-31,2026,Q3,7,July,Friday,No,Afternoon,14:00,22:00,1.387
2026-07-31,2026,Q3,7,July,Friday,No,Night,22:00,06:00,1.387
2026-08-01,2026,Q3,8,August,Saturday,Yes,Morning,06:00,14:00,1.749
2026-08-01,2026,Q3,8,August,Saturday,Yes,Afternoon,14:00,22:00,1.749
2026-08-01,2026,Q3,8,August,Saturday,Yes,Night,22:00,06:00,1.749
2026-08-02,2026,Q3,8,August,Sunday,Yes,Morning,06:00,14:00,0.787
2026-08-02,2026,Q3,8,August,Sunday,Yes,Afternoon,14:00,22:00,0.787
2026-08-02,2026,Q3,8,August,Sunday,Yes,Night,22:00,06:00,0.787
2026-08-03,2026,Q3,8,August,Monday,No,Morning,06:00,14:00,1.749
2026-08-03,2026,Q3,8,August,Monday,No,Afternoon,14:00,22:00,1.749
2026-08-03,2026,Q3,8,August,Monday,No,Night,22:00,06:00,1.749
2026-08-04,2026,Q3,8,August,Tuesday,No,Morning,06:00,14:00,1.75
2026-08-04,2026,Q3,8,August,Tuesday,No,Afternoon,14:00,22:00,1.75
2026-08-04,2026,Q3,8,August,Tuesday,No,Night,22:00,06:00,1.75
2026-08-05,2026,Q3,8,August,Wednesday,No,Morning,06:00,14:00,1.75
2026-08-05,2026,Q3,8,August,Wednesday,No,Afternoon,14:00,22:00,1.75
2026-08-05,2026,Q3,8,August,Wednesday,No,Night,22:00,06:00,1.75
2026-08-06,2026,Q3,8,August,Thursday,No,Morning,06:00,14:00,1.75
2026-08-06,2026,Q3,8,August,Thursday,No,Afternoon,14:00,22:00,1.75
2026-08-06,2026,Q3,8,August,Thursday,No,Night,22:00,06:00,1.75
2026-08-07,2026,Q3,8,August,Friday,No,Morning,06:00,14:00,1.75
2026-08-07,2026,Q3,8,August,Friday,No,Afternoon,14:00,22:00,1.75
2026-08-07,2026,Q3,8,August,Friday,No,Night,22:00,06:00,1.75
2026-08-08,2026,Q3,8,August,Saturday,Yes,Morning,06:00,14:00,1.75
2026-08-08,2026,Q3,8,August,Saturday,Yes,Afternoon,14:00,22:00,1.75
2026-08-08,2026,Q3,8,August,Saturday,Yes,Night,22:00,06:00,1.75
2026-08-09,2026,Q3,8,August,Sunday,Yes,Morning,06:00,14:00,0.788
2026-08-09,2026,Q3,8,August,Sunday,Yes,Afternoon,14:00,22:00,0.788
2026-08-09,2026,Q3,8,August,Sunday,Yes,Night,22:00,06:00,0.788
2026-08-10,2026,Q3,8,August,Monday,No,Morning,06:00,14:00,1.751
2026-08-10,2026,Q3,8,August,Monday,No,Afternoon,14:00,22:00,1.751
2026-08-10,2026,Q3,8,August,Monday,No,Night,22:00,06:00,1.751
2026-08-11,2026,Q3,8,August,Tuesday,No,Morning,06:00,14:00,1.751
2026-08-11,2026,Q3,8,August,Tuesday,No,Afternoon,14:00,22:00,1.751
2026-08-11,2026,Q3,8,August,Tuesday,No,Night,22:00,06:00,1.751
2026-08-12,2026,Q3,8,August,Wednesday,No,Morning,06:00,14:00,1.751
2026-08-12,2026,Q3,8,August,Wednesday,No,Afternoon,14:00,22:00,1.751
2026-08-12,2026,Q3,8,August,Wednesday,No,Night,22:00,06:00,1.751
2026-08-13,2026,Q3,8,August,Thursday,No,Morning,06:00,14:00,1.751
2026-08-13,2026,Q3,8,August,Thursday,No,Afternoon,14:00,22:00,1.751
2026-08-13,2026,Q3,8,August,Thursday,No,Night,22:00,06:00,1.751
2026-08-14,2026,Q3,8,August,Friday,No,Morning,06:00,14:00,1.751
2026-08-14,2026,Q3,8,August,Friday,No,Afternoon,14:00,22:00,1.751
2026-08-14,2026,Q3,8,August,Friday,No,Night,22:00,06:00,1.751
2026-08-15,2026,Q3,8,August,Saturday,Yes,Morning,06:00,14:00,1.752
2026-08-15,2026,Q3,8,August,Saturday,Yes,Afternoon,14:00,22:00,1.752
2026-08-15,2026,Q3,8,August,Saturday,Yes,Night,22:00,06:00,1.752
2026-08-16,2026,Q3,8,August,Sunday,Yes,Morning,06:00,14:00,0.788
2026-08-16,2026,Q3,8,August,Sunday,Yes,Afternoon,14:00,22:00,0.788
2026-08-16,2026,Q3,8,August,Sunday,Yes,Night,22:00,06:00,0.788
2026-08-17,2026,Q3,8,August,Monday,No,Morning,06:00,14:00,1.752
2026-08-17,2026,Q3,8,August,Monday,No,Afternoon,14:00,22:00,1.752
2026-08-17,2026,Q3,8,August,Monday,No,Night,22:00,06:00,1.752
2026-08-18,2026,Q3,8,August,Tuesday,No,Morning,06:00,14:00,1.752
2026-08-18,2026,Q3,8,August,Tuesday,No,Afternoon,14:00,22:00,1.752
2026-08-18,2026,Q3,8,August,Tuesday,No,Night,22:00,06:00,1.752
2026-08-19,2026,Q3,8,August,Wednesday,No,Morning,06:00,14:00,1.752
2026-08-19,2026,Q3,8,August,Wednesday,No,Afternoon,14:00,22:00,1.752
2026-08-19,2026,Q3,8,August,Wednesday,No,Night,22:00,06:00,1.752
2026-08-20,2026,Q3,8,August,Thursday,No,Morning,06:00,14:00,1.752
2026-08-20,2026,Q3,8,August,Thursday,No,Afternoon,14:00,22:00,1.752
2026-08-20,2026,Q3,8,August,Thursday,No,Night,22:00,06:00,1.752
2026-08-21,2026,Q3,8,August,Friday,No,Morning,06:00,14:00,1.753
2026-08-21,2026,Q3,8,August,Friday,No,Afternoon,14:00,22:00,1.753
2026-08-21,2026,Q3,8,August,Friday,No,Night,22:00,06:00,1.753
2026-08-22,2026,Q3,8,August,Saturday,Yes,Morning,06:00,14:00,1.753
2026-08-22,2026,Q3,8,August,Saturday,Yes,Afternoon,14:00,22:00,1.753
2026-08-22,2026,Q3,8,August,Saturday,Yes,Night,22:00,06:00,1.753
2026-08-23,2026,Q3,8,August,Sunday,Yes,Morning,06:00,14:00,0.789
2026-08-23,2026,Q3,8,August,Sunday,Yes,Afternoon,14:00,22:00,0.789
2026-08-23,2026,Q3,8,August,Sunday,Yes,Night,22:00,06:00,0.789
2026-08-24,2026,Q3,8,August,Monday,No,Morning,06:00,14:00,1.753
2026-08-24,2026,Q3,8,August,Monday,No,Afternoon,14:00,22:00,1.753
2026-08-24,2026,Q3,8,August,Monday,No,Night,22:00,06:00,1.753
2026-08-25,2026,Q3,8,August,Tuesday,No,Morning,06:00,14:00,1.753
2026-08-25,2026,Q3,8,August,Tuesday,No,Afternoon,14:00,22:00,1.753
2026-08-25,2026,Q3,8,August,Tuesday,No,Night,22:00,06:00,1.753
2026-08-26,2026,Q3,8,August,Wednesday,No,Morning,06:00,14:00,1.754
2026-08-26,2026,Q3,8,August,Wednesday,No,Afternoon,14:00,22:00,1.754
2026-08-26,2026,Q3,8,August,Wednesday,No,Night,22:00,06:00,1.754
2026-08-27,2026,Q3,8,August,Thursday,No,Morning,06:00,14:00,1.754
2026-08-27,2026,Q3,8,August,Thursday,No,Afternoon,14:00,22:00,1.754
2026-08-27,2026,Q3,8,August,Thursday,No,Night,22:00,06:00,1.754
2026-08-28,2026,Q3,8,August,Friday,No,Morning,06:00,14:00,1.754
2026-08-28,2026,Q3,8,August,Friday,No,Afternoon,14:00,22:00,1.754
2026-08-28,2026,Q3,8,August,Friday,No,Night,22:00,06:00,1.754
2026-08-29,2026,Q3,8,August,Saturday,Yes,Morning,06:00,14:00,1.754
2026-08-29,2026,Q3,8,August,Saturday,Yes,Afternoon,14:00,22:00,1.754
2026-08-29,2026,Q3,8,August,Saturday,Yes,Night,22:00,06:00,1.754
2026-08-30,2026,Q3,8,August,Sunday,Yes,Morning,06:00,14:00,0.789
2026-08-30,2026,Q3,8,August,Sunday,Yes,Afternoon,14:00,22:00,0.789
2026-08-30,2026,Q3,8,August,Sunday,Yes,Night,22:00,06:00,0.789
2026-08-31,2026,Q3,8,August,Monday,No,Morning,06:00,14:00,1.754
2026-08-31,2026,Q3,8,August,Monday,No,Afternoon,14:00,22:00,1.754
2026-08-31,2026,Q3,8,August,Monday,No,Night,22:00,06:00,1.754
